obj_id,path_background,path_dapi,path_yap,path_actin,height,width,channels,center,eccentricity,center_rot
9,C:\Users\sbsas\Documents\uni\Projects\Nikita PhD\Chip_1462_1_real\obj0009_stainbackground_real.tiff,C:\Users\sbsas\Documents\uni\Projects\Nikita PhD\Chip_1462_1_real\obj0009_stainDAPI_real.tiff,C:\Users\sbsas\Documents\uni\Projects\Nikita PhD\Chip_1462_1_real\obj0009_stainYAP_real.tiff,C:\Users\sbsas\Documents\uni\Projects\Nikita PhD\Chip_1462_1_real\obj0009_stainActin_real.tiff,300,300,"actin,background,dapi,yap","(array([177.73140496]), array([136.5785124]))",[0.98740944],"(326.8456239844563, 439.8721873065855)"
10,C:\Users\sbsas\Documents\uni\Projects\Nikita PhD\Chip_1462_1_real\obj0010_stainbackground_real.tiff,C:\Users\sbsas\Documents\uni\Projects\Nikita PhD\Chip_1462_1_real\obj0010_stainDAPI_real.tiff,C:\Users\sbsas\Documents\uni\Projects\Nikita PhD\Chip_1462_1_real\obj0010_stainYAP_real.tiff,C:\Users\sbsas\Documents\uni\Projects\Nikita PhD\Chip_1462_1_real\obj0010_stainActin_real.tiff,300,300,"actin,background,dapi,yap","(array([104.89473684]), array([136.88157895]))",[0.92867025],"(418.0185913333436, 272.5031544417728)"
11,C:\Users\sbsas\Documents\uni\Projects\Nikita PhD\Chip_1462_1_real\obj0011_stainbackground_real.tiff,C:\Users\sbsas\Documents\uni\Projects\Nikita PhD\Chip_1462_1_real\obj0011_stainDAPI_real.tiff,C:\Users\sbsas\Documents\uni\Projects\Nikita PhD\Chip_1462_1_real\obj0011_stainYAP_real.tiff,C:\Users\sbsas\Documents\uni\Projects\Nikita PhD\Chip_1462_1_real\obj0011_stainActin_real.tiff,300,300,"actin,background,dapi,yap","(array([114.55970149]), array([144.09701493]))",[0.86620654],"(422.6305435118651, 303.72466450546546)"
12,C:\Users\sbsas\Documents\uni\Projects\Nikita PhD\Chip_1462_1_real\obj0012_stainbackground_real.tiff,C:\Users\sbsas\Documents\uni\Projects\Nikita PhD\Chip_1462_1_real\obj0012_stainDAPI_real.tiff,C:\Users\sbsas\Documents\uni\Projects\Nikita PhD\Chip_1462_1_real\obj0012_stainYAP_real.tiff,C:\Users\sbsas\Documents\uni\Projects\Nikita PhD\Chip_1462_1_real\obj0012_stainActin_real.tiff,300,300,"actin,background,dapi,yap","(array([246.39419087]), array([174.99585062]))",[0.95900007],"(330.0317953774836, 645.7256614073523)"
14,C:\Users\sbsas\Documents\uni\Projects\Nikita PhD\Chip_1462_1_real\obj0014_stainbackground_real.tiff,C:\Users\sbsas\Documents\uni\Projects\Nikita PhD\Chip_1462_1_real\obj0014_stainDAPI_real.tiff,C:\Users\sbsas\Documents\uni\Projects\Nikita PhD\Chip_1462_1_real\obj0014_stainYAP_real.tiff,C:\Users\sbsas\Documents\uni\Projects\Nikita PhD\Chip_1462_1_real\obj0014_stainActin_real.tiff,300,300,"actin,background,dapi,yap","(array([42.08163265]), array([223.0533752]))",[0.9855135],"(694.4994629669154, 234.88168837921012)"
18,C:\Users\sbsas\Documents\uni\Projects\Nikita PhD\Chip_1462_1_real\obj0018_stainbackground_real.tiff,C:\Users\sbsas\Documents\uni\Projects\Nikita PhD\Chip_1462_1_real\obj0018_stainDAPI_real.tiff,C:\Users\sbsas\Documents\uni\Projects\Nikita PhD\Chip_1462_1_real\obj0018_stainYAP_real.tiff,C:\Users\sbsas\Documents\uni\Projects\Nikita PhD\Chip_1462_1_real\obj0018_stainActin_real.tiff,300,300,"actin,background,dapi,yap","(array([155.42780749]), array([195.31550802]))",[0.99639697],"(489.8237546097327, 461.4670991380592)"
24,C:\Users\sbsas\Documents\uni\Projects\Nikita PhD\Chip_1462_1_real\obj0024_stainbackground_real.tiff,C:\Users\sbsas\Documents\uni\Projects\Nikita PhD\Chip_1462_1_real\obj0024_stainDAPI_real.tiff,C:\Users\sbsas\Documents\uni\Projects\Nikita PhD\Chip_1462_1_real\obj0024_stainYAP_real.tiff,C:\Users\sbsas\Documents\uni\Projects\Nikita PhD\Chip_1462_1_real\obj0024_stainActin_real.tiff,300,300,"actin,background,dapi,yap","(array([129.54576271]), array([113.36610169]))",[0.91734287],"(333.2410081009249, 300.0653126356019)"
25,C:\Users\sbsas\Documents\uni\Projects\Nikita PhD\Chip_1462_1_real\obj0025_stainbackground_real.tiff,C:\Users\sbsas\Documents\uni\Projects\Nikita PhD\Chip_1462_1_real\obj0025_stainDAPI_real.tiff,C:\Users\sbsas\Documents\uni\Projects\Nikita PhD\Chip_1462_1_real\obj0025_stainYAP_real.tiff,C:\Users\sbsas\Documents\uni\Projects\Nikita PhD\Chip_1462_1_real\obj0025_stainActin_real.tiff,300,300,"actin,background,dapi,yap","(array([209.21705426]), array([193.60465116]))",[0.9654443],"(419.068591853102, 583.2205245418759)"
30,C:\Users\sbsas\Documents\uni\Projects\Nikita PhD\Chip_1462_1_real\obj0030_stainbackground_real.tiff,C:\Users\sbsas\Documents\uni\Projects\Nikita PhD\Chip_1462_1_real\obj0030_stainDAPI_real.tiff,C:\Users\sbsas\Documents\uni\Projects\Nikita PhD\Chip_1462_1_real\obj0030_stainYAP_real.tiff,C:\Users\sbsas\Documents\uni\Projects\Nikita PhD\Chip_1462_1_real\obj0030_stainActin_real.tiff,300,300,"actin,background,dapi,yap","(array([125.46816479]), array([149.]))",[0.93925345],"(420.37220964003484, 334.9375567913625)"
31,C:\Users\sbsas\Documents\uni\Projects\Nikita PhD\Chip_1462_1_real\obj0031_stainbackground_real.tiff,C:\Users\sbsas\Documents\uni\Projects\Nikita PhD\Chip_1462_1_real\obj0031_stainDAPI_real.tiff,C:\Users\sbsas\Documents\uni\Projects\Nikita PhD\Chip_1462_1_real\obj0031_stainYAP_real.tiff,C:\Users\sbsas\Documents\uni\Projects\Nikita PhD\Chip_1462_1_real\obj0031_stainActin_real.tiff,300,300,"actin,background,dapi,yap","(array([165.3105802]), array([132.21843003]))",[0.95450007],"(332.2328815325192, 405.8506452047317)"
34,C:\Users\sbsas\Documents\uni\Projects\Nikita PhD\Chip_1462_1_real\obj0034_stainbackground_real.tiff,C:\Users\sbsas\Documents\uni\Projects\Nikita PhD\Chip_1462_1_real\obj0034_stainDAPI_real.tiff,C:\Users\sbsas\Documents\uni\Projects\Nikita PhD\Chip_1462_1_real\obj0034_stainYAP_real.tiff,C:\Users\sbsas\Documents\uni\Projects\Nikita PhD\Chip_1462_1_real\obj0034_stainActin_real.tiff,300,300,"actin,background,dapi,yap","(array([111.47246377]), array([142.3884058]))",[0.9438813],"(422.5304062840545, 294.4922733820326)"
41,C:\Users\sbsas\Documents\uni\Projects\Nikita PhD\Chip_1462_1_real\obj0041_stainbackground_real.tiff,C:\Users\sbsas\Documents\uni\Projects\Nikita PhD\Chip_1462_1_real\obj0041_stainDAPI_real.tiff,C:\Users\sbsas\Documents\uni\Projects\Nikita PhD\Chip_1462_1_real\obj0041_stainYAP_real.tiff,C:\Users\sbsas\Documents\uni\Projects\Nikita PhD\Chip_1462_1_real\obj0041_stainActin_real.tiff,300,300,"actin,background,dapi,yap","(array([187.02358491]), array([145.24528302]))",[0.95333893],"(335.26311179853326, 472.03795446031154)"
45,C:\Users\sbsas\Documents\uni\Projects\Nikita PhD\Chip_1462_1_real\obj0045_stainbackground_real.tiff,C:\Users\sbsas\Documents\uni\Projects\Nikita PhD\Chip_1462_1_real\obj0045_stainDAPI_real.tiff,C:\Users\sbsas\Documents\uni\Projects\Nikita PhD\Chip_1462_1_real\obj0045_stainYAP_real.tiff,C:\Users\sbsas\Documents\uni\Projects\Nikita PhD\Chip_1462_1_real\obj0045_stainActin_real.tiff,300,300,"actin,background,dapi,yap","(array([5.55194805]), array([201.22727273]))",[0.86809783],"(689.6089691692983, 123.64092771938783)"
50,C:\Users\sbsas\Documents\uni\Projects\Nikita PhD\Chip_1462_1_real\obj0050_stainbackground_real.tiff,C:\Users\sbsas\Documents\uni\Projects\Nikita PhD\Chip_1462_1_real\obj0050_stainDAPI_real.tiff,C:\Users\sbsas\Documents\uni\Projects\Nikita PhD\Chip_1462_1_real\obj0050_stainYAP_real.tiff,C:\Users\sbsas\Documents\uni\Projects\Nikita PhD\Chip_1462_1_real\obj0050_stainActin_real.tiff,300,300,"actin,background,dapi,yap","(array([134.67661692]), array([154.06467662]))",[0.94170463],"(420.59794777831024, 362.4361088213021)"
56,C:\Users\sbsas\Documents\uni\Projects\Nikita PhD\Chip_1462_1_real\obj0056_stainbackground_real.tiff,C:\Users\sbsas\Documents\uni\Projects\Nikita PhD\Chip_1462_1_real\obj0056_stainDAPI_real.tiff,C:\Users\sbsas\Documents\uni\Projects\Nikita PhD\Chip_1462_1_real\obj0056_stainYAP_real.tiff,C:\Users\sbsas\Documents\uni\Projects\Nikita PhD\Chip_1462_1_real\obj0056_stainActin_real.tiff,300,300,"actin,background,dapi,yap","(array([154.53773585]), array([124.30188679]))",[0.91735115],"(327.38242074637975, 371.20675865226644)"
57,C:\Users\sbsas\Documents\uni\Projects\Nikita PhD\Chip_1462_1_real\obj0057_stainbackground_real.tiff,C:\Users\sbsas\Documents\uni\Projects\Nikita PhD\Chip_1462_1_real\obj0057_stainDAPI_real.tiff,C:\Users\sbsas\Documents\uni\Projects\Nikita PhD\Chip_1462_1_real\obj0057_stainYAP_real.tiff,C:\Users\sbsas\Documents\uni\Projects\Nikita PhD\Chip_1462_1_real\obj0057_stainActin_real.tiff,300,300,"actin,background,dapi,yap","(array([162.69849246]), array([131.69346734]))",[0.92012836],"(334.2685114084775, 399.1828232138082)"
60,C:\Users\sbsas\Documents\uni\Projects\Nikita PhD\Chip_1462_1_real\obj0060_stainbackground_real.tiff,C:\Users\sbsas\Documents\uni\Projects\Nikita PhD\Chip_1462_1_real\obj0060_stainDAPI_real.tiff,C:\Users\sbsas\Documents\uni\Projects\Nikita PhD\Chip_1462_1_real\obj0060_stainYAP_real.tiff,C:\Users\sbsas\Documents\uni\Projects\Nikita PhD\Chip_1462_1_real\obj0060_stainActin_real.tiff,300,300,"actin,background,dapi,yap","(array([144.57188498]), array([159.74121406]))",[0.940972],"(421.3796864377877, 392.27645361835346)"
69,C:\Users\sbsas\Documents\uni\Projects\Nikita PhD\Chip_1462_1_real\obj0069_stainbackground_real.tiff,C:\Users\sbsas\Documents\uni\Projects\Nikita PhD\Chip_1462_1_real\obj0069_stainDAPI_real.tiff,C:\Users\sbsas\Documents\uni\Projects\Nikita PhD\Chip_1462_1_real\obj0069_stainYAP_real.tiff,C:\Users\sbsas\Documents\uni\Projects\Nikita PhD\Chip_1462_1_real\obj0069_stainActin_real.tiff,300,300,"actin,background,dapi,yap","(array([102.58921162]), array([135.34854772]))",[0.91248067],"(417.35180225112885, 265.2891719063945)"
71,C:\Users\sbsas\Documents\uni\Projects\Nikita PhD\Chip_1462_1_real\obj0071_stainbackground_real.tiff,C:\Users\sbsas\Documents\uni\Projects\Nikita PhD\Chip_1462_1_real\obj0071_stainDAPI_real.tiff,C:\Users\sbsas\Documents\uni\Projects\Nikita PhD\Chip_1462_1_real\obj0071_stainYAP_real.tiff,C:\Users\sbsas\Documents\uni\Projects\Nikita PhD\Chip_1462_1_real\obj0071_stainActin_real.tiff,300,300,"actin,background,dapi,yap","(array([266.60869565]), array([225.58893281]))",[0.7456634],"(421.43979598586134, 755.1252405429176)"
72,C:\Users\sbsas\Documents\uni\Projects\Nikita PhD\Chip_1462_1_real\obj0072_stainbackground_real.tiff,C:\Users\sbsas\Documents\uni\Projects\Nikita PhD\Chip_1462_1_real\obj0072_stainDAPI_real.tiff,C:\Users\sbsas\Documents\uni\Projects\Nikita PhD\Chip_1462_1_real\obj0072_stainYAP_real.tiff,C:\Users\sbsas\Documents\uni\Projects\Nikita PhD\Chip_1462_1_real\obj0072_stainActin_real.tiff,300,300,"actin,background,dapi,yap","(array([148.71197411]), array([161.8802589]))",[0.95384221],"(421.16331997561764, 404.46827093985496)"
75,C:\Users\sbsas\Documents\uni\Projects\Nikita PhD\Chip_1462_1_real\obj0075_stainbackground_real.tiff,C:\Users\sbsas\Documents\uni\Projects\Nikita PhD\Chip_1462_1_real\obj0075_stainDAPI_real.tiff,C:\Users\sbsas\Documents\uni\Projects\Nikita PhD\Chip_1462_1_real\obj0075_stainYAP_real.tiff,C:\Users\sbsas\Documents\uni\Projects\Nikita PhD\Chip_1462_1_real\obj0075_stainActin_real.tiff,300,300,"actin,background,dapi,yap","(array([157.11469534]), array([167.52329749]))",[0.94565617],"(423.7218956154943, 430.82961516345847)"
80,C:\Users\sbsas\Documents\uni\Projects\Nikita PhD\Chip_1462_1_real\obj0080_stainbackground_real.tiff,C:\Users\sbsas\Documents\uni\Projects\Nikita PhD\Chip_1462_1_real\obj0080_stainDAPI_real.tiff,C:\Users\sbsas\Documents\uni\Projects\Nikita PhD\Chip_1462_1_real\obj0080_stainYAP_real.tiff,C:\Users\sbsas\Documents\uni\Projects\Nikita PhD\Chip_1462_1_real\obj0080_stainActin_real.tiff,300,300,"actin,background,dapi,yap","(array([161.62867647]), array([247.86764706]))",[0.91140222],"(603.1507502863956, 541.0262336990746)"
82,C:\Users\sbsas\Documents\uni\Projects\Nikita PhD\Chip_1462_1_real\obj0082_stainbackground_real.tiff,C:\Users\sbsas\Documents\uni\Projects\Nikita PhD\Chip_1462_1_real\obj0082_stainDAPI_real.tiff,C:\Users\sbsas\Documents\uni\Projects\Nikita PhD\Chip_1462_1_real\obj0082_stainYAP_real.tiff,C:\Users\sbsas\Documents\uni\Projects\Nikita PhD\Chip_1462_1_real\obj0082_stainActin_real.tiff,300,300,"actin,background,dapi,yap","(array([110.62]), array([142.344]))",[0.95183252],"(423.4870368376635, 292.47385915147015)"
85,C:\Users\sbsas\Documents\uni\Projects\Nikita PhD\Chip_1462_1_real\obj0085_stainbackground_real.tiff,C:\Users\sbsas\Documents\uni\Projects\Nikita PhD\Chip_1462_1_real\obj0085_stainDAPI_real.tiff,C:\Users\sbsas\Documents\uni\Projects\Nikita PhD\Chip_1462_1_real\obj0085_stainYAP_real.tiff,C:\Users\sbsas\Documents\uni\Projects\Nikita PhD\Chip_1462_1_real\obj0085_stainActin_real.tiff,300,300,"actin,background,dapi,yap","(array([133.10067114]), array([153.39597315]))",[0.86858313],"(421.0154805245728, 357.9760099770034)"
87,C:\Users\sbsas\Documents\uni\Projects\Nikita PhD\Chip_1462_1_real\obj0087_stainbackground_real.tiff,C:\Users\sbsas\Documents\uni\Projects\Nikita PhD\Chip_1462_1_real\obj0087_stainDAPI_real.tiff,C:\Users\sbsas\Documents\uni\Projects\Nikita PhD\Chip_1462_1_real\obj0087_stainYAP_real.tiff,C:\Users\sbsas\Documents\uni\Projects\Nikita PhD\Chip_1462_1_real\obj0087_stainActin_real.tiff,300,300,"actin,background,dapi,yap","(array([160.57068063]), array([169.83769634]))",[0.92603676],"(424.75914407270557, 441.66373471535724)"
90,C:\Users\sbsas\Documents\uni\Projects\Nikita PhD\Chip_1462_1_real\obj0090_stainbackground_real.tiff,C:\Users\sbsas\Documents\uni\Projects\Nikita PhD\Chip_1462_1_real\obj0090_stainDAPI_real.tiff,C:\Users\sbsas\Documents\uni\Projects\Nikita PhD\Chip_1462_1_real\obj0090_stainYAP_real.tiff,C:\Users\sbsas\Documents\uni\Projects\Nikita PhD\Chip_1462_1_real\obj0090_stainActin_real.tiff,300,300,"actin,background,dapi,yap","(array([123.31451613]), array([180.54032258]))",[0.88993111],"(495.68589963313855, 369.15583874788155)"
92,C:\Users\sbsas\Documents\uni\Projects\Nikita PhD\Chip_1462_1_real\obj0092_stainbackground_real.tiff,C:\Users\sbsas\Documents\uni\Projects\Nikita PhD\Chip_1462_1_real\obj0092_stainDAPI_real.tiff,C:\Users\sbsas\Documents\uni\Projects\Nikita PhD\Chip_1462_1_real\obj0092_stainYAP_real.tiff,C:\Users\sbsas\Documents\uni\Projects\Nikita PhD\Chip_1462_1_real\obj0092_stainActin_real.tiff,300,300,"actin,background,dapi,yap","(array([136.38248848]), array([156.84792627]))",[0.93085562],"(424.888902693788, 369.8220419279856)"
93,C:\Users\sbsas\Documents\uni\Projects\Nikita PhD\Chip_1462_1_real\obj0093_stainbackground_real.tiff,C:\Users\sbsas\Documents\uni\Projects\Nikita PhD\Chip_1462_1_real\obj0093_stainDAPI_real.tiff,C:\Users\sbsas\Documents\uni\Projects\Nikita PhD\Chip_1462_1_real\obj0093_stainYAP_real.tiff,C:\Users\sbsas\Documents\uni\Projects\Nikita PhD\Chip_1462_1_real\obj0093_stainActin_real.tiff,300,300,"actin,background,dapi,yap","(array([145.76106195]), array([159.36725664]))",[0.89918494],"(419.04129762747726, 394.5506553662025)"
95,C:\Users\sbsas\Documents\uni\Projects\Nikita PhD\Chip_1462_1_real\obj0095_stainbackground_real.tiff,C:\Users\sbsas\Documents\uni\Projects\Nikita PhD\Chip_1462_1_real\obj0095_stainDAPI_real.tiff,C:\Users\sbsas\Documents\uni\Projects\Nikita PhD\Chip_1462_1_real\obj0095_stainYAP_real.tiff,C:\Users\sbsas\Documents\uni\Projects\Nikita PhD\Chip_1462_1_real\obj0095_stainActin_real.tiff,300,300,"actin,background,dapi,yap","(array([151.67676768]), array([126.37878788]))",[0.81094104],"(335.71938736363063, 367.1976942017873)"
96,C:\Users\sbsas\Documents\uni\Projects\Nikita PhD\Chip_1462_1_real\obj0096_stainbackground_real.tiff,C:\Users\sbsas\Documents\uni\Projects\Nikita PhD\Chip_1462_1_real\obj0096_stainDAPI_real.tiff,C:\Users\sbsas\Documents\uni\Projects\Nikita PhD\Chip_1462_1_real\obj0096_stainYAP_real.tiff,C:\Users\sbsas\Documents\uni\Projects\Nikita PhD\Chip_1462_1_real\obj0096_stainActin_real.tiff,300,300,"actin,background,dapi,yap","(array([123.73553719]), array([148.6446281]))",[0.95848972],"(421.7059806757945, 330.50582279214774)"
97,C:\Users\sbsas\Documents\uni\Projects\Nikita PhD\Chip_1462_1_real\obj0097_stainbackground_real.tiff,C:\Users\sbsas\Documents\uni\Projects\Nikita PhD\Chip_1462_1_real\obj0097_stainDAPI_real.tiff,C:\Users\sbsas\Documents\uni\Projects\Nikita PhD\Chip_1462_1_real\obj0097_stainYAP_real.tiff,C:\Users\sbsas\Documents\uni\Projects\Nikita PhD\Chip_1462_1_real\obj0097_stainActin_real.tiff,300,300,"actin,background,dapi,yap","(array([147.2265861]), array([162.1570997]))",[0.95491042],"(423.6459879974284, 401.3912497555219)"
100,C:\Users\sbsas\Documents\uni\Projects\Nikita PhD\Chip_1462_1_real\obj0100_stainbackground_real.tiff,C:\Users\sbsas\Documents\uni\Projects\Nikita PhD\Chip_1462_1_real\obj0100_stainDAPI_real.tiff,C:\Users\sbsas\Documents\uni\Projects\Nikita PhD\Chip_1462_1_real\obj0100_stainYAP_real.tiff,C:\Users\sbsas\Documents\uni\Projects\Nikita PhD\Chip_1462_1_real\obj0100_stainActin_real.tiff,300,300,"actin,background,dapi,yap","(array([148.62162162]), array([161.89189189]))",[0.88411327],"(421.3023436721302, 404.2746359483093)"
102,C:\Users\sbsas\Documents\uni\Projects\Nikita PhD\Chip_1462_1_real\obj0102_stainbackground_real.tiff,C:\Users\sbsas\Documents\uni\Projects\Nikita PhD\Chip_1462_1_real\obj0102_stainDAPI_real.tiff,C:\Users\sbsas\Documents\uni\Projects\Nikita PhD\Chip_1462_1_real\obj0102_stainYAP_real.tiff,C:\Users\sbsas\Documents\uni\Projects\Nikita PhD\Chip_1462_1_real\obj0102_stainActin_real.tiff,300,300,"actin,background,dapi,yap","(array([146.57096774]), array([161.08064516]))",[0.89250049],"(421.9812588104792, 398.5442051704249)"
104,C:\Users\sbsas\Documents\uni\Projects\Nikita PhD\Chip_1462_1_real\obj0104_stainbackground_real.tiff,C:\Users\sbsas\Documents\uni\Projects\Nikita PhD\Chip_1462_1_real\obj0104_stainDAPI_real.tiff,C:\Users\sbsas\Documents\uni\Projects\Nikita PhD\Chip_1462_1_real\obj0104_stainYAP_real.tiff,C:\Users\sbsas\Documents\uni\Projects\Nikita PhD\Chip_1462_1_real\obj0104_stainActin_real.tiff,300,300,"actin,background,dapi,yap","(array([160.53233831]), array([169.55721393]))",[0.92465958],"(424.16081031278384, 441.22702617298023)"
105,C:\Users\sbsas\Documents\uni\Projects\Nikita PhD\Chip_1462_1_real\obj0105_stainbackground_real.tiff,C:\Users\sbsas\Documents\uni\Projects\Nikita PhD\Chip_1462_1_real\obj0105_stainDAPI_real.tiff,C:\Users\sbsas\Documents\uni\Projects\Nikita PhD\Chip_1462_1_real\obj0105_stainYAP_real.tiff,C:\Users\sbsas\Documents\uni\Projects\Nikita PhD\Chip_1462_1_real\obj0105_stainActin_real.tiff,300,300,"actin,background,dapi,yap","(array([166.79439252]), array([201.05420561]))",[0.9945526],"(488.9210352477427, 494.77315334108516)"
109,C:\Users\sbsas\Documents\uni\Projects\Nikita PhD\Chip_1462_1_real\obj0109_stainbackground_real.tiff,C:\Users\sbsas\Documents\uni\Projects\Nikita PhD\Chip_1462_1_real\obj0109_stainDAPI_real.tiff,C:\Users\sbsas\Documents\uni\Projects\Nikita PhD\Chip_1462_1_real\obj0109_stainYAP_real.tiff,C:\Users\sbsas\Documents\uni\Projects\Nikita PhD\Chip_1462_1_real\obj0109_stainActin_real.tiff,300,300,"actin,background,dapi,yap","(array([100.50169492]), array([134.92542373]))",[0.93781011],"(418.97036777823484, 259.95595631014226)"
110,C:\Users\sbsas\Documents\uni\Projects\Nikita PhD\Chip_1462_1_real\obj0110_stainbackground_real.tiff,C:\Users\sbsas\Documents\uni\Projects\Nikita PhD\Chip_1462_1_real\obj0110_stainDAPI_real.tiff,C:\Users\sbsas\Documents\uni\Projects\Nikita PhD\Chip_1462_1_real\obj0110_stainYAP_real.tiff,C:\Users\sbsas\Documents\uni\Projects\Nikita PhD\Chip_1462_1_real\obj0110_stainActin_real.tiff,300,300,"actin,background,dapi,yap","(array([101.72173913]), array([138.2173913]))",[0.96097372],"(425.03639516603056, 266.85492183975583)"
112,C:\Users\sbsas\Documents\uni\Projects\Nikita PhD\Chip_1462_1_real\obj0112_stainbackground_real.tiff,C:\Users\sbsas\Documents\uni\Projects\Nikita PhD\Chip_1462_1_real\obj0112_stainDAPI_real.tiff,C:\Users\sbsas\Documents\uni\Projects\Nikita PhD\Chip_1462_1_real\obj0112_stainYAP_real.tiff,C:\Users\sbsas\Documents\uni\Projects\Nikita PhD\Chip_1462_1_real\obj0112_stainActin_real.tiff,300,300,"actin,background,dapi,yap","(array([65.53448276]), array([118.84482759]))",[0.96312848],"(425.3711385994145, 159.45048020141547)"
113,C:\Users\sbsas\Documents\uni\Projects\Nikita PhD\Chip_1462_1_real\obj0113_stainbackground_real.tiff,C:\Users\sbsas\Documents\uni\Projects\Nikita PhD\Chip_1462_1_real\obj0113_stainDAPI_real.tiff,C:\Users\sbsas\Documents\uni\Projects\Nikita PhD\Chip_1462_1_real\obj0113_stainYAP_real.tiff,C:\Users\sbsas\Documents\uni\Projects\Nikita PhD\Chip_1462_1_real\obj0113_stainActin_real.tiff,300,300,"actin,background,dapi,yap","(array([161.04938272]), array([170.00411523]))",[0.93701892],"(424.54778693134676, 442.9729223449698)"
114,C:\Users\sbsas\Documents\uni\Projects\Nikita PhD\Chip_1462_1_real\obj0114_stainbackground_real.tiff,C:\Users\sbsas\Documents\uni\Projects\Nikita PhD\Chip_1462_1_real\obj0114_stainDAPI_real.tiff,C:\Users\sbsas\Documents\uni\Projects\Nikita PhD\Chip_1462_1_real\obj0114_stainYAP_real.tiff,C:\Users\sbsas\Documents\uni\Projects\Nikita PhD\Chip_1462_1_real\obj0114_stainActin_real.tiff,300,300,"actin,background,dapi,yap","(array([111.55172414]), array([142.05747126]))",[0.9090686],"(421.66979776448534, 294.2637383504063)"
115,C:\Users\sbsas\Documents\uni\Projects\Nikita PhD\Chip_1462_1_real\obj0115_stainbackground_real.tiff,C:\Users\sbsas\Documents\uni\Projects\Nikita PhD\Chip_1462_1_real\obj0115_stainDAPI_real.tiff,C:\Users\sbsas\Documents\uni\Projects\Nikita PhD\Chip_1462_1_real\obj0115_stainYAP_real.tiff,C:\Users\sbsas\Documents\uni\Projects\Nikita PhD\Chip_1462_1_real\obj0115_stainActin_real.tiff,300,300,"actin,background,dapi,yap","(array([103.03020134]), array([136.68456376]))",[0.94730609],"(419.88091469655365, 267.9643365742612)"
121,C:\Users\sbsas\Documents\uni\Projects\Nikita PhD\Chip_1462_1_real\obj0121_stainbackground_real.tiff,C:\Users\sbsas\Documents\uni\Projects\Nikita PhD\Chip_1462_1_real\obj0121_stainDAPI_real.tiff,C:\Users\sbsas\Documents\uni\Projects\Nikita PhD\Chip_1462_1_real\obj0121_stainYAP_real.tiff,C:\Users\sbsas\Documents\uni\Projects\Nikita PhD\Chip_1462_1_real\obj0121_stainActin_real.tiff,300,300,"actin,background,dapi,yap","(array([232.12612613]), array([201.5045045]))",[0.94474697],"(408.8054457737942, 645.7938520482805)"
123,C:\Users\sbsas\Documents\uni\Projects\Nikita PhD\Chip_1462_1_real\obj0123_stainbackground_real.tiff,C:\Users\sbsas\Documents\uni\Projects\Nikita PhD\Chip_1462_1_real\obj0123_stainDAPI_real.tiff,C:\Users\sbsas\Documents\uni\Projects\Nikita PhD\Chip_1462_1_real\obj0123_stainYAP_real.tiff,C:\Users\sbsas\Documents\uni\Projects\Nikita PhD\Chip_1462_1_real\obj0123_stainActin_real.tiff,300,300,"actin,background,dapi,yap","(array([111.75136612]), array([142.17759563]))",[0.82932894],"(421.69846070716125, 294.8727350904223)"
124,C:\Users\sbsas\Documents\uni\Projects\Nikita PhD\Chip_1462_1_real\obj0124_stainbackground_real.tiff,C:\Users\sbsas\Documents\uni\Projects\Nikita PhD\Chip_1462_1_real\obj0124_stainDAPI_real.tiff,C:\Users\sbsas\Documents\uni\Projects\Nikita PhD\Chip_1462_1_real\obj0124_stainYAP_real.tiff,C:\Users\sbsas\Documents\uni\Projects\Nikita PhD\Chip_1462_1_real\obj0124_stainActin_real.tiff,300,300,"actin,background,dapi,yap","(array([112.74903475]), array([143.89189189]))",[0.92444359],"(424.40728045375636, 299.29983707712654)"
126,C:\Users\sbsas\Documents\uni\Projects\Nikita PhD\Chip_1462_1_real\obj0126_stainbackground_real.tiff,C:\Users\sbsas\Documents\uni\Projects\Nikita PhD\Chip_1462_1_real\obj0126_stainDAPI_real.tiff,C:\Users\sbsas\Documents\uni\Projects\Nikita PhD\Chip_1462_1_real\obj0126_stainYAP_real.tiff,C:\Users\sbsas\Documents\uni\Projects\Nikita PhD\Chip_1462_1_real\obj0126_stainActin_real.tiff,300,300,"actin,background,dapi,yap","(array([194.34615385]), array([189.88888889]))",[0.94402974],"(428.9831346162755, 544.3567196392111)"
127,C:\Users\sbsas\Documents\uni\Projects\Nikita PhD\Chip_1462_1_real\obj0127_stainbackground_real.tiff,C:\Users\sbsas\Documents\uni\Projects\Nikita PhD\Chip_1462_1_real\obj0127_stainDAPI_real.tiff,C:\Users\sbsas\Documents\uni\Projects\Nikita PhD\Chip_1462_1_real\obj0127_stainYAP_real.tiff,C:\Users\sbsas\Documents\uni\Projects\Nikita PhD\Chip_1462_1_real\obj0127_stainActin_real.tiff,300,300,"actin,background,dapi,yap","(array([193.57142857]), array([188.08843537]))",[0.92918275],"(425.79895966825256, 540.3360429644864)"
132,C:\Users\sbsas\Documents\uni\Projects\Nikita PhD\Chip_1462_1_real\obj0132_stainbackground_real.tiff,C:\Users\sbsas\Documents\uni\Projects\Nikita PhD\Chip_1462_1_real\obj0132_stainDAPI_real.tiff,C:\Users\sbsas\Documents\uni\Projects\Nikita PhD\Chip_1462_1_real\obj0132_stainYAP_real.tiff,C:\Users\sbsas\Documents\uni\Projects\Nikita PhD\Chip_1462_1_real\obj0132_stainActin_real.tiff,300,300,"actin,background,dapi,yap","(array([153.33449477]), array([125.85017422]))",[0.90541302],"(332.44280410193295, 370.358875698183)"
137,C:\Users\sbsas\Documents\uni\Projects\Nikita PhD\Chip_1462_1_real\obj0137_stainbackground_real.tiff,C:\Users\sbsas\Documents\uni\Projects\Nikita PhD\Chip_1462_1_real\obj0137_stainDAPI_real.tiff,C:\Users\sbsas\Documents\uni\Projects\Nikita PhD\Chip_1462_1_real\obj0137_stainYAP_real.tiff,C:\Users\sbsas\Documents\uni\Projects\Nikita PhD\Chip_1462_1_real\obj0137_stainActin_real.tiff,300,300,"actin,background,dapi,yap","(array([100.00425532]), array([134.25106383]))",[0.91980084],"(418.03519337348496, 257.9726701327486)"
138,C:\Users\sbsas\Documents\uni\Projects\Nikita PhD\Chip_1462_1_real\obj0138_stainbackground_real.tiff,C:\Users\sbsas\Documents\uni\Projects\Nikita PhD\Chip_1462_1_real\obj0138_stainDAPI_real.tiff,C:\Users\sbsas\Documents\uni\Projects\Nikita PhD\Chip_1462_1_real\obj0138_stainYAP_real.tiff,C:\Users\sbsas\Documents\uni\Projects\Nikita PhD\Chip_1462_1_real\obj0138_stainActin_real.tiff,300,300,"actin,background,dapi,yap","(array([15.4351585]), array([128.80691643]))",[0.95721392],"(510.54570394276993, 56.444453109992025)"
139,C:\Users\sbsas\Documents\uni\Projects\Nikita PhD\Chip_1462_1_real\obj0139_stainbackground_real.tiff,C:\Users\sbsas\Documents\uni\Projects\Nikita PhD\Chip_1462_1_real\obj0139_stainDAPI_real.tiff,C:\Users\sbsas\Documents\uni\Projects\Nikita PhD\Chip_1462_1_real\obj0139_stainYAP_real.tiff,C:\Users\sbsas\Documents\uni\Projects\Nikita PhD\Chip_1462_1_real\obj0139_stainActin_real.tiff,300,300,"actin,background,dapi,yap","(array([147.86687307]), array([162.51083591]))",[0.94738161],"(423.6653147458432, 403.305251814769)"
140,C:\Users\sbsas\Documents\uni\Projects\Nikita PhD\Chip_1462_1_real\obj0140_stainbackground_real.tiff,C:\Users\sbsas\Documents\uni\Projects\Nikita PhD\Chip_1462_1_real\obj0140_stainDAPI_real.tiff,C:\Users\sbsas\Documents\uni\Projects\Nikita PhD\Chip_1462_1_real\obj0140_stainYAP_real.tiff,C:\Users\sbsas\Documents\uni\Projects\Nikita PhD\Chip_1462_1_real\obj0140_stainActin_real.tiff,300,300,"actin,background,dapi,yap","(array([113.44568245]), array([142.64345404]))",[0.90944525],"(420.66673294941813, 299.35347906130244)"
141,C:\Users\sbsas\Documents\uni\Projects\Nikita PhD\Chip_1462_1_real\obj0141_stainbackground_real.tiff,C:\Users\sbsas\Documents\uni\Projects\Nikita PhD\Chip_1462_1_real\obj0141_stainDAPI_real.tiff,C:\Users\sbsas\Documents\uni\Projects\Nikita PhD\Chip_1462_1_real\obj0141_stainYAP_real.tiff,C:\Users\sbsas\Documents\uni\Projects\Nikita PhD\Chip_1462_1_real\obj0141_stainActin_real.tiff,300,300,"actin,background,dapi,yap","(array([187.17421603]), array([105.7456446]))",[0.90682535],"(244.1069022113878, 423.31988494367454)"
147,C:\Users\sbsas\Documents\uni\Projects\Nikita PhD\Chip_1462_1_real\obj0147_stainbackground_real.tiff,C:\Users\sbsas\Documents\uni\Projects\Nikita PhD\Chip_1462_1_real\obj0147_stainDAPI_real.tiff,C:\Users\sbsas\Documents\uni\Projects\Nikita PhD\Chip_1462_1_real\obj0147_stainYAP_real.tiff,C:\Users\sbsas\Documents\uni\Projects\Nikita PhD\Chip_1462_1_real\obj0147_stainActin_real.tiff,300,300,"actin,background,dapi,yap","(array([212.0524968]), array([150.4340589]))",[0.95613591],"(316.1230696383236, 536.1257511483102)"
148,C:\Users\sbsas\Documents\uni\Projects\Nikita PhD\Chip_1462_1_real\obj0148_stainbackground_real.tiff,C:\Users\sbsas\Documents\uni\Projects\Nikita PhD\Chip_1462_1_real\obj0148_stainDAPI_real.tiff,C:\Users\sbsas\Documents\uni\Projects\Nikita PhD\Chip_1462_1_real\obj0148_stainYAP_real.tiff,C:\Users\sbsas\Documents\uni\Projects\Nikita PhD\Chip_1462_1_real\obj0148_stainActin_real.tiff,300,300,"actin,background,dapi,yap","(array([155.50793651]), array([120.66666667]))",[0.9118818],"(317.80522973521033, 368.9256310564521)"
149,C:\Users\sbsas\Documents\uni\Projects\Nikita PhD\Chip_1462_1_real\obj0149_stainbackground_real.tiff,C:\Users\sbsas\Documents\uni\Projects\Nikita PhD\Chip_1462_1_real\obj0149_stainDAPI_real.tiff,C:\Users\sbsas\Documents\uni\Projects\Nikita PhD\Chip_1462_1_real\obj0149_stainYAP_real.tiff,C:\Users\sbsas\Documents\uni\Projects\Nikita PhD\Chip_1462_1_real\obj0149_stainActin_real.tiff,300,300,"actin,background,dapi,yap","(array([88.796875]), array([132.734375]))",[0.96618477],"(428.46359400568224, 230.27769207168615)"
151,C:\Users\sbsas\Documents\uni\Projects\Nikita PhD\Chip_1462_1_real\obj0151_stainbackground_real.tiff,C:\Users\sbsas\Documents\uni\Projects\Nikita PhD\Chip_1462_1_real\obj0151_stainDAPI_real.tiff,C:\Users\sbsas\Documents\uni\Projects\Nikita PhD\Chip_1462_1_real\obj0151_stainYAP_real.tiff,C:\Users\sbsas\Documents\uni\Projects\Nikita PhD\Chip_1462_1_real\obj0151_stainActin_real.tiff,300,300,"actin,background,dapi,yap","(array([145.61886792]), array([161.21132075]))",[0.92371705],"(423.464872348798, 396.5138050782856)"
153,C:\Users\sbsas\Documents\uni\Projects\Nikita PhD\Chip_1462_1_real\obj0153_stainbackground_real.tiff,C:\Users\sbsas\Documents\uni\Projects\Nikita PhD\Chip_1462_1_real\obj0153_stainDAPI_real.tiff,C:\Users\sbsas\Documents\uni\Projects\Nikita PhD\Chip_1462_1_real\obj0153_stainYAP_real.tiff,C:\Users\sbsas\Documents\uni\Projects\Nikita PhD\Chip_1462_1_real\obj0153_stainActin_real.tiff,300,300,"actin,background,dapi,yap","(array([237.32155477]), array([247.66784452]))",[0.9493796],"(508.6677258907397, 715.1014930136615)"
157,C:\Users\sbsas\Documents\uni\Projects\Nikita PhD\Chip_1462_1_real\obj0157_stainbackground_real.tiff,C:\Users\sbsas\Documents\uni\Projects\Nikita PhD\Chip_1462_1_real\obj0157_stainDAPI_real.tiff,C:\Users\sbsas\Documents\uni\Projects\Nikita PhD\Chip_1462_1_real\obj0157_stainYAP_real.tiff,C:\Users\sbsas\Documents\uni\Projects\Nikita PhD\Chip_1462_1_real\obj0157_stainActin_real.tiff,300,300,"actin,background,dapi,yap","(array([102.56097561]), array([137.2195122]))",[0.93208077],"(421.6957750805206, 267.548185685528)"
170,C:\Users\sbsas\Documents\uni\Projects\Nikita PhD\Chip_1462_1_real\obj0170_stainbackground_real.tiff,C:\Users\sbsas\Documents\uni\Projects\Nikita PhD\Chip_1462_1_real\obj0170_stainDAPI_real.tiff,C:\Users\sbsas\Documents\uni\Projects\Nikita PhD\Chip_1462_1_real\obj0170_stainYAP_real.tiff,C:\Users\sbsas\Documents\uni\Projects\Nikita PhD\Chip_1462_1_real\obj0170_stainActin_real.tiff,300,300,"actin,background,dapi,yap","(array([139.6692607]), array([155.91439689]))",[0.91663902],"(418.6562447061484, 376.23200227398104)"
171,C:\Users\sbsas\Documents\uni\Projects\Nikita PhD\Chip_1462_1_real\obj0171_stainbackground_real.tiff,C:\Users\sbsas\Documents\uni\Projects\Nikita PhD\Chip_1462_1_real\obj0171_stainDAPI_real.tiff,C:\Users\sbsas\Documents\uni\Projects\Nikita PhD\Chip_1462_1_real\obj0171_stainYAP_real.tiff,C:\Users\sbsas\Documents\uni\Projects\Nikita PhD\Chip_1462_1_real\obj0171_stainActin_real.tiff,300,300,"actin,background,dapi,yap","(array([162.91904762]), array([166.84761905]))",[0.93130099],"(414.95583359353884, 443.35794659847284)"
173,C:\Users\sbsas\Documents\uni\Projects\Nikita PhD\Chip_1462_1_real\obj0173_stainbackground_real.tiff,C:\Users\sbsas\Documents\uni\Projects\Nikita PhD\Chip_1462_1_real\obj0173_stainDAPI_real.tiff,C:\Users\sbsas\Documents\uni\Projects\Nikita PhD\Chip_1462_1_real\obj0173_stainYAP_real.tiff,C:\Users\sbsas\Documents\uni\Projects\Nikita PhD\Chip_1462_1_real\obj0173_stainActin_real.tiff,300,300,"actin,background,dapi,yap","(array([198.22648084]), array([151.02439024]))",[0.90987188],"(334.65678580802427, 505.0172220567039)"
176,C:\Users\sbsas\Documents\uni\Projects\Nikita PhD\Chip_1462_1_real\obj0176_stainbackground_real.tiff,C:\Users\sbsas\Documents\uni\Projects\Nikita PhD\Chip_1462_1_real\obj0176_stainDAPI_real.tiff,C:\Users\sbsas\Documents\uni\Projects\Nikita PhD\Chip_1462_1_real\obj0176_stainYAP_real.tiff,C:\Users\sbsas\Documents\uni\Projects\Nikita PhD\Chip_1462_1_real\obj0176_stainActin_real.tiff,300,300,"actin,background,dapi,yap","(array([144.24834437]), array([159.2615894]))",[0.91894945],"(420.6769835384479, 390.9355559746816)"
186,C:\Users\sbsas\Documents\uni\Projects\Nikita PhD\Chip_1462_1_real\obj0186_stainbackground_real.tiff,C:\Users\sbsas\Documents\uni\Projects\Nikita PhD\Chip_1462_1_real\obj0186_stainDAPI_real.tiff,C:\Users\sbsas\Documents\uni\Projects\Nikita PhD\Chip_1462_1_real\obj0186_stainYAP_real.tiff,C:\Users\sbsas\Documents\uni\Projects\Nikita PhD\Chip_1462_1_real\obj0186_stainActin_real.tiff,300,300,"actin,background,dapi,yap","(array([148.19125683]), array([163.84699454]))",[0.93198317],"(426.3395991369844, 405.71204583686733)"
188,C:\Users\sbsas\Documents\uni\Projects\Nikita PhD\Chip_1462_1_real\obj0188_stainbackground_real.tiff,C:\Users\sbsas\Documents\uni\Projects\Nikita PhD\Chip_1462_1_real\obj0188_stainDAPI_real.tiff,C:\Users\sbsas\Documents\uni\Projects\Nikita PhD\Chip_1462_1_real\obj0188_stainYAP_real.tiff,C:\Users\sbsas\Documents\uni\Projects\Nikita PhD\Chip_1462_1_real\obj0188_stainActin_real.tiff,300,300,"actin,background,dapi,yap","(array([140.95319149]), array([235.48085106]))",[0.90425533],"(600.305826182278, 478.02342495653056)"
203,C:\Users\sbsas\Documents\uni\Projects\Nikita PhD\Chip_1462_1_real\obj0203_stainbackground_real.tiff,C:\Users\sbsas\Documents\uni\Projects\Nikita PhD\Chip_1462_1_real\obj0203_stainDAPI_real.tiff,C:\Users\sbsas\Documents\uni\Projects\Nikita PhD\Chip_1462_1_real\obj0203_stainYAP_real.tiff,C:\Users\sbsas\Documents\uni\Projects\Nikita PhD\Chip_1462_1_real\obj0203_stainActin_real.tiff,300,300,"actin,background,dapi,yap","(array([146.10344828]), array([158.94252874]))",[0.86072536],"(417.6378343164212, 394.8116023441646)"
207,C:\Users\sbsas\Documents\uni\Projects\Nikita PhD\Chip_1462_1_real\obj0207_stainbackground_real.tiff,C:\Users\sbsas\Documents\uni\Projects\Nikita PhD\Chip_1462_1_real\obj0207_stainDAPI_real.tiff,C:\Users\sbsas\Documents\uni\Projects\Nikita PhD\Chip_1462_1_real\obj0207_stainYAP_real.tiff,C:\Users\sbsas\Documents\uni\Projects\Nikita PhD\Chip_1462_1_real\obj0207_stainActin_real.tiff,300,300,"actin,background,dapi,yap","(array([126.23958333]), array([149.55729167]))",[0.96435764],"(420.69744522532136, 337.40640862674536)"
213,C:\Users\sbsas\Documents\uni\Projects\Nikita PhD\Chip_1462_1_real\obj0213_stainbackground_real.tiff,C:\Users\sbsas\Documents\uni\Projects\Nikita PhD\Chip_1462_1_real\obj0213_stainDAPI_real.tiff,C:\Users\sbsas\Documents\uni\Projects\Nikita PhD\Chip_1462_1_real\obj0213_stainYAP_real.tiff,C:\Users\sbsas\Documents\uni\Projects\Nikita PhD\Chip_1462_1_real\obj0213_stainActin_real.tiff,300,300,"actin,background,dapi,yap","(array([144.15]), array([159.525]))",[0.94848848],"(421.4057874152077, 391.03626414193866)"
218,C:\Users\sbsas\Documents\uni\Projects\Nikita PhD\Chip_1462_1_real\obj0218_stainbackground_real.tiff,C:\Users\sbsas\Documents\uni\Projects\Nikita PhD\Chip_1462_1_real\obj0218_stainDAPI_real.tiff,C:\Users\sbsas\Documents\uni\Projects\Nikita PhD\Chip_1462_1_real\obj0218_stainYAP_real.tiff,C:\Users\sbsas\Documents\uni\Projects\Nikita PhD\Chip_1462_1_real\obj0218_stainActin_real.tiff,300,300,"actin,background,dapi,yap","(array([133.10377358]), array([165.8490566]))",[0.95281275],"(449.69153004832356, 373.45191107879543)"
219,C:\Users\sbsas\Documents\uni\Projects\Nikita PhD\Chip_1462_1_real\obj0219_stainbackground_real.tiff,C:\Users\sbsas\Documents\uni\Projects\Nikita PhD\Chip_1462_1_real\obj0219_stainDAPI_real.tiff,C:\Users\sbsas\Documents\uni\Projects\Nikita PhD\Chip_1462_1_real\obj0219_stainYAP_real.tiff,C:\Users\sbsas\Documents\uni\Projects\Nikita PhD\Chip_1462_1_real\obj0219_stainActin_real.tiff,300,300,"actin,background,dapi,yap","(array([135.10964912]), array([157.35964912]))",[0.97143364],"(427.64849260929367, 367.5262897388127)"
226,C:\Users\sbsas\Documents\uni\Projects\Nikita PhD\Chip_1462_1_real\obj0226_stainbackground_real.tiff,C:\Users\sbsas\Documents\uni\Projects\Nikita PhD\Chip_1462_1_real\obj0226_stainDAPI_real.tiff,C:\Users\sbsas\Documents\uni\Projects\Nikita PhD\Chip_1462_1_real\obj0226_stainYAP_real.tiff,C:\Users\sbsas\Documents\uni\Projects\Nikita PhD\Chip_1462_1_real\obj0226_stainActin_real.tiff,300,300,"actin,background,dapi,yap","(array([119.41868512]), array([185.15570934]))",[0.92604212],"(511.1545589539857, 365.916659900479)"
227,C:\Users\sbsas\Documents\uni\Projects\Nikita PhD\Chip_1462_1_real\obj0227_stainbackground_real.tiff,C:\Users\sbsas\Documents\uni\Projects\Nikita PhD\Chip_1462_1_real\obj0227_stainDAPI_real.tiff,C:\Users\sbsas\Documents\uni\Projects\Nikita PhD\Chip_1462_1_real\obj0227_stainYAP_real.tiff,C:\Users\sbsas\Documents\uni\Projects\Nikita PhD\Chip_1462_1_real\obj0227_stainActin_real.tiff,300,300,"actin,background,dapi,yap","(array([98.60569106]), array([134.42682927]))",[0.94334146],"(420.1772319528977, 254.97005514110924)"
230,C:\Users\sbsas\Documents\uni\Projects\Nikita PhD\Chip_1462_1_real\obj0230_stainbackground_real.tiff,C:\Users\sbsas\Documents\uni\Projects\Nikita PhD\Chip_1462_1_real\obj0230_stainDAPI_real.tiff,C:\Users\sbsas\Documents\uni\Projects\Nikita PhD\Chip_1462_1_real\obj0230_stainYAP_real.tiff,C:\Users\sbsas\Documents\uni\Projects\Nikita PhD\Chip_1462_1_real\obj0230_stainActin_real.tiff,300,300,"actin,background,dapi,yap","(array([200.44897959]), array([151.28571429]))",[0.97527272],"(332.49791945455434, 510.46032435710265)"
232,C:\Users\sbsas\Documents\uni\Projects\Nikita PhD\Chip_1462_1_real\obj0232_stainbackground_real.tiff,C:\Users\sbsas\Documents\uni\Projects\Nikita PhD\Chip_1462_1_real\obj0232_stainDAPI_real.tiff,C:\Users\sbsas\Documents\uni\Projects\Nikita PhD\Chip_1462_1_real\obj0232_stainYAP_real.tiff,C:\Users\sbsas\Documents\uni\Projects\Nikita PhD\Chip_1462_1_real\obj0232_stainActin_real.tiff,300,300,"actin,background,dapi,yap","(array([101.29550827]), array([137.06855792]))",[0.94898608],"(422.9200382567313, 264.4462586979231)"
234,C:\Users\sbsas\Documents\uni\Projects\Nikita PhD\Chip_1462_1_real\obj0234_stainbackground_real.tiff,C:\Users\sbsas\Documents\uni\Projects\Nikita PhD\Chip_1462_1_real\obj0234_stainDAPI_real.tiff,C:\Users\sbsas\Documents\uni\Projects\Nikita PhD\Chip_1462_1_real\obj0234_stainYAP_real.tiff,C:\Users\sbsas\Documents\uni\Projects\Nikita PhD\Chip_1462_1_real\obj0234_stainActin_real.tiff,300,300,"actin,background,dapi,yap","(array([145.53968254]), array([159.73015873]))",[0.90262477],"(420.15206356947215, 394.49159400711744)"
235,C:\Users\sbsas\Documents\uni\Projects\Nikita PhD\Chip_1462_1_real\obj0235_stainbackground_real.tiff,C:\Users\sbsas\Documents\uni\Projects\Nikita PhD\Chip_1462_1_real\obj0235_stainDAPI_real.tiff,C:\Users\sbsas\Documents\uni\Projects\Nikita PhD\Chip_1462_1_real\obj0235_stainYAP_real.tiff,C:\Users\sbsas\Documents\uni\Projects\Nikita PhD\Chip_1462_1_real\obj0235_stainActin_real.tiff,300,300,"actin,background,dapi,yap","(array([158.]), array([167.37558685]))",[0.96811265],"(422.282020209681, 432.68502328648447)"
238,C:\Users\sbsas\Documents\uni\Projects\Nikita PhD\Chip_1462_1_real\obj0238_stainbackground_real.tiff,C:\Users\sbsas\Documents\uni\Projects\Nikita PhD\Chip_1462_1_real\obj0238_stainDAPI_real.tiff,C:\Users\sbsas\Documents\uni\Projects\Nikita PhD\Chip_1462_1_real\obj0238_stainYAP_real.tiff,C:\Users\sbsas\Documents\uni\Projects\Nikita PhD\Chip_1462_1_real\obj0238_stainActin_real.tiff,300,300,"actin,background,dapi,yap","(array([149.179941]), array([162.46902655]))",[0.92598694],"(421.93798221459986, 406.2773609094121)"
242,C:\Users\sbsas\Documents\uni\Projects\Nikita PhD\Chip_1462_1_real\obj0242_stainbackground_real.tiff,C:\Users\sbsas\Documents\uni\Projects\Nikita PhD\Chip_1462_1_real\obj0242_stainDAPI_real.tiff,C:\Users\sbsas\Documents\uni\Projects\Nikita PhD\Chip_1462_1_real\obj0242_stainYAP_real.tiff,C:\Users\sbsas\Documents\uni\Projects\Nikita PhD\Chip_1462_1_real\obj0242_stainActin_real.tiff,300,300,"actin,background,dapi,yap","(array([134.24509804]), array([156.16666667]))",[0.94009777],"(425.97492383347037, 364.0533188703028)"
244,C:\Users\sbsas\Documents\uni\Projects\Nikita PhD\Chip_1462_1_real\obj0244_stainbackground_real.tiff,C:\Users\sbsas\Documents\uni\Projects\Nikita PhD\Chip_1462_1_real\obj0244_stainDAPI_real.tiff,C:\Users\sbsas\Documents\uni\Projects\Nikita PhD\Chip_1462_1_real\obj0244_stainYAP_real.tiff,C:\Users\sbsas\Documents\uni\Projects\Nikita PhD\Chip_1462_1_real\obj0244_stainActin_real.tiff,300,300,"actin,background,dapi,yap","(array([160.05263158]), array([168.29959514]))",[0.96025024],"(421.8603424055134, 438.560076979929)"
246,C:\Users\sbsas\Documents\uni\Projects\Nikita PhD\Chip_1462_1_real\obj0246_stainbackground_real.tiff,C:\Users\sbsas\Documents\uni\Projects\Nikita PhD\Chip_1462_1_real\obj0246_stainDAPI_real.tiff,C:\Users\sbsas\Documents\uni\Projects\Nikita PhD\Chip_1462_1_real\obj0246_stainYAP_real.tiff,C:\Users\sbsas\Documents\uni\Projects\Nikita PhD\Chip_1462_1_real\obj0246_stainActin_real.tiff,300,300,"actin,background,dapi,yap","(array([153.91111111]), array([125.30740741]))",[0.85130986],"(330.47654111715127, 371.01263935882577)"
255,C:\Users\sbsas\Documents\uni\Projects\Nikita PhD\Chip_1462_1_real\obj0255_stainbackground_real.tiff,C:\Users\sbsas\Documents\uni\Projects\Nikita PhD\Chip_1462_1_real\obj0255_stainDAPI_real.tiff,C:\Users\sbsas\Documents\uni\Projects\Nikita PhD\Chip_1462_1_real\obj0255_stainYAP_real.tiff,C:\Users\sbsas\Documents\uni\Projects\Nikita PhD\Chip_1462_1_real\obj0255_stainActin_real.tiff,300,300,"actin,background,dapi,yap","(array([120.43726236]), array([185.36882129]))",[0.72524541],"(510.3801248373241, 368.52719997336663)"
257,C:\Users\sbsas\Documents\uni\Projects\Nikita PhD\Chip_1462_1_real\obj0257_stainbackground_real.tiff,C:\Users\sbsas\Documents\uni\Projects\Nikita PhD\Chip_1462_1_real\obj0257_stainDAPI_real.tiff,C:\Users\sbsas\Documents\uni\Projects\Nikita PhD\Chip_1462_1_real\obj0257_stainYAP_real.tiff,C:\Users\sbsas\Documents\uni\Projects\Nikita PhD\Chip_1462_1_real\obj0257_stainActin_real.tiff,300,300,"actin,background,dapi,yap","(array([115.6433121]), array([143.59872611]))",[0.93872968],"(420.1369455851807, 305.6013032902892)"
262,C:\Users\sbsas\Documents\uni\Projects\Nikita PhD\Chip_1462_1_real\obj0262_stainbackground_real.tiff,C:\Users\sbsas\Documents\uni\Projects\Nikita PhD\Chip_1462_1_real\obj0262_stainDAPI_real.tiff,C:\Users\sbsas\Documents\uni\Projects\Nikita PhD\Chip_1462_1_real\obj0262_stainYAP_real.tiff,C:\Users\sbsas\Documents\uni\Projects\Nikita PhD\Chip_1462_1_real\obj0262_stainActin_real.tiff,300,300,"actin,background,dapi,yap","(array([133.24342105]), array([153.81578947]))",[0.79719842],"(421.8050141292489, 358.82624838865286)"
264,C:\Users\sbsas\Documents\uni\Projects\Nikita PhD\Chip_1462_1_real\obj0264_stainbackground_real.tiff,C:\Users\sbsas\Documents\uni\Projects\Nikita PhD\Chip_1462_1_real\obj0264_stainDAPI_real.tiff,C:\Users\sbsas\Documents\uni\Projects\Nikita PhD\Chip_1462_1_real\obj0264_stainYAP_real.tiff,C:\Users\sbsas\Documents\uni\Projects\Nikita PhD\Chip_1462_1_real\obj0264_stainActin_real.tiff,300,300,"actin,background,dapi,yap","(array([109.75284091]), array([141.17897727]))",[0.92805094],"(421.8810999019091, 289.0296124804046)"
267,C:\Users\sbsas\Documents\uni\Projects\Nikita PhD\Chip_1462_1_real\obj0267_stainbackground_real.tiff,C:\Users\sbsas\Documents\uni\Projects\Nikita PhD\Chip_1462_1_real\obj0267_stainDAPI_real.tiff,C:\Users\sbsas\Documents\uni\Projects\Nikita PhD\Chip_1462_1_real\obj0267_stainYAP_real.tiff,C:\Users\sbsas\Documents\uni\Projects\Nikita PhD\Chip_1462_1_real\obj0267_stainActin_real.tiff,300,300,"actin,background,dapi,yap","(array([144.41914191]), array([159.38943894]))",[0.90813504],"(420.75926732847404, 391.4877188501566)"
269,C:\Users\sbsas\Documents\uni\Projects\Nikita PhD\Chip_1462_1_real\obj0269_stainbackground_real.tiff,C:\Users\sbsas\Documents\uni\Projects\Nikita PhD\Chip_1462_1_real\obj0269_stainDAPI_real.tiff,C:\Users\sbsas\Documents\uni\Projects\Nikita PhD\Chip_1462_1_real\obj0269_stainYAP_real.tiff,C:\Users\sbsas\Documents\uni\Projects\Nikita PhD\Chip_1462_1_real\obj0269_stainActin_real.tiff,300,300,"actin,background,dapi,yap","(array([166.06896552]), array([187.20081136]))",[0.98735231],"(457.91726376460224, 475.8942986736529)"
270,C:\Users\sbsas\Documents\uni\Projects\Nikita PhD\Chip_1462_1_real\obj0270_stainbackground_real.tiff,C:\Users\sbsas\Documents\uni\Projects\Nikita PhD\Chip_1462_1_real\obj0270_stainDAPI_real.tiff,C:\Users\sbsas\Documents\uni\Projects\Nikita PhD\Chip_1462_1_real\obj0270_stainYAP_real.tiff,C:\Users\sbsas\Documents\uni\Projects\Nikita PhD\Chip_1462_1_real\obj0270_stainActin_real.tiff,300,300,"actin,background,dapi,yap","(array([136.28469751]), array([152.58362989]))",[0.80149161],"(415.1895456372233, 364.29987577289734)"
272,C:\Users\sbsas\Documents\uni\Projects\Nikita PhD\Chip_1462_1_real\obj0272_stainbackground_real.tiff,C:\Users\sbsas\Documents\uni\Projects\Nikita PhD\Chip_1462_1_real\obj0272_stainDAPI_real.tiff,C:\Users\sbsas\Documents\uni\Projects\Nikita PhD\Chip_1462_1_real\obj0272_stainYAP_real.tiff,C:\Users\sbsas\Documents\uni\Projects\Nikita PhD\Chip_1462_1_real\obj0272_stainActin_real.tiff,300,300,"actin,background,dapi,yap","(array([111.69961977]), array([141.05323194]))",[0.76925273],"(419.1732876984605, 293.35691870853253)"
280,C:\Users\sbsas\Documents\uni\Projects\Nikita PhD\Chip_1462_1_real\obj0280_stainbackground_real.tiff,C:\Users\sbsas\Documents\uni\Projects\Nikita PhD\Chip_1462_1_real\obj0280_stainDAPI_real.tiff,C:\Users\sbsas\Documents\uni\Projects\Nikita PhD\Chip_1462_1_real\obj0280_stainYAP_real.tiff,C:\Users\sbsas\Documents\uni\Projects\Nikita PhD\Chip_1462_1_real\obj0280_stainActin_real.tiff,300,300,"actin,background,dapi,yap","(array([124.8125]), array([148.99479167]))",[0.9309617],"(421.17465702589925, 333.4210673708685)"
286,C:\Users\sbsas\Documents\uni\Projects\Nikita PhD\Chip_1462_1_real\obj0286_stainbackground_real.tiff,C:\Users\sbsas\Documents\uni\Projects\Nikita PhD\Chip_1462_1_real\obj0286_stainDAPI_real.tiff,C:\Users\sbsas\Documents\uni\Projects\Nikita PhD\Chip_1462_1_real\obj0286_stainYAP_real.tiff,C:\Users\sbsas\Documents\uni\Projects\Nikita PhD\Chip_1462_1_real\obj0286_stainActin_real.tiff,300,300,"actin,background,dapi,yap","(array([200.55067568]), array([151.03040541]))",[0.93083633],"(331.783610750283, 510.37739895577545)"
288,C:\Users\sbsas\Documents\uni\Projects\Nikita PhD\Chip_1462_1_real\obj0288_stainbackground_real.tiff,C:\Users\sbsas\Documents\uni\Projects\Nikita PhD\Chip_1462_1_real\obj0288_stainDAPI_real.tiff,C:\Users\sbsas\Documents\uni\Projects\Nikita PhD\Chip_1462_1_real\obj0288_stainYAP_real.tiff,C:\Users\sbsas\Documents\uni\Projects\Nikita PhD\Chip_1462_1_real\obj0288_stainActin_real.tiff,300,300,"actin,background,dapi,yap","(array([111.13178295]), array([140.13178295]))",[0.80825599],"(417.75650295432627, 290.904580292202)"
295,C:\Users\sbsas\Documents\uni\Projects\Nikita PhD\Chip_1462_1_real\obj0295_stainbackground_real.tiff,C:\Users\sbsas\Documents\uni\Projects\Nikita PhD\Chip_1462_1_real\obj0295_stainDAPI_real.tiff,C:\Users\sbsas\Documents\uni\Projects\Nikita PhD\Chip_1462_1_real\obj0295_stainYAP_real.tiff,C:\Users\sbsas\Documents\uni\Projects\Nikita PhD\Chip_1462_1_real\obj0295_stainActin_real.tiff,300,300,"actin,background,dapi,yap","(array([136.58282209]), array([156.11349693]))",[0.90120459],"(422.94863833555456, 369.3711367535727)"
298,C:\Users\sbsas\Documents\uni\Projects\Nikita PhD\Chip_1462_1_real\obj0298_stainbackground_real.tiff,C:\Users\sbsas\Documents\uni\Projects\Nikita PhD\Chip_1462_1_real\obj0298_stainDAPI_real.tiff,C:\Users\sbsas\Documents\uni\Projects\Nikita PhD\Chip_1462_1_real\obj0298_stainYAP_real.tiff,C:\Users\sbsas\Documents\uni\Projects\Nikita PhD\Chip_1462_1_real\obj0298_stainActin_real.tiff,300,300,"actin,background,dapi,yap","(array([111.49242424]), array([143.96212121]))",[0.87641438],"(426.1299358577537, 296.4930537058299)"
304,C:\Users\sbsas\Documents\uni\Projects\Nikita PhD\Chip_1462_1_real\obj0304_stainbackground_real.tiff,C:\Users\sbsas\Documents\uni\Projects\Nikita PhD\Chip_1462_1_real\obj0304_stainDAPI_real.tiff,C:\Users\sbsas\Documents\uni\Projects\Nikita PhD\Chip_1462_1_real\obj0304_stainYAP_real.tiff,C:\Users\sbsas\Documents\uni\Projects\Nikita PhD\Chip_1462_1_real\obj0304_stainActin_real.tiff,300,300,"actin,background,dapi,yap","(array([147.32075472]), array([159.60754717]))",[0.94559342],"(417.6573032273311, 398.441164379282)"
305,C:\Users\sbsas\Documents\uni\Projects\Nikita PhD\Chip_1462_1_real\obj0305_stainbackground_real.tiff,C:\Users\sbsas\Documents\uni\Projects\Nikita PhD\Chip_1462_1_real\obj0305_stainDAPI_real.tiff,C:\Users\sbsas\Documents\uni\Projects\Nikita PhD\Chip_1462_1_real\obj0305_stainYAP_real.tiff,C:\Users\sbsas\Documents\uni\Projects\Nikita PhD\Chip_1462_1_real\obj0305_stainActin_real.tiff,300,300,"actin,background,dapi,yap","(array([169.45957447]), array([177.62553191]))",[0.96668177],"(431.6533595460196, 471.80893897740907)"
306,C:\Users\sbsas\Documents\uni\Projects\Nikita PhD\Chip_1462_1_real\obj0306_stainbackground_real.tiff,C:\Users\sbsas\Documents\uni\Projects\Nikita PhD\Chip_1462_1_real\obj0306_stainDAPI_real.tiff,C:\Users\sbsas\Documents\uni\Projects\Nikita PhD\Chip_1462_1_real\obj0306_stainYAP_real.tiff,C:\Users\sbsas\Documents\uni\Projects\Nikita PhD\Chip_1462_1_real\obj0306_stainActin_real.tiff,300,300,"actin,background,dapi,yap","(array([141.20286396]), array([143.60859189]))",[0.9441506],"(388.410544248917, 364.47813399598743)"
307,C:\Users\sbsas\Documents\uni\Projects\Nikita PhD\Chip_1462_1_real\obj0307_stainbackground_real.tiff,C:\Users\sbsas\Documents\uni\Projects\Nikita PhD\Chip_1462_1_real\obj0307_stainDAPI_real.tiff,C:\Users\sbsas\Documents\uni\Projects\Nikita PhD\Chip_1462_1_real\obj0307_stainYAP_real.tiff,C:\Users\sbsas\Documents\uni\Projects\Nikita PhD\Chip_1462_1_real\obj0307_stainActin_real.tiff,300,300,"actin,background,dapi,yap","(array([134.42666667]), array([155.81333333]))",[0.89483556],"(424.93564655898336, 364.0325805149044)"
309,C:\Users\sbsas\Documents\uni\Projects\Nikita PhD\Chip_1462_1_real\obj0309_stainbackground_real.tiff,C:\Users\sbsas\Documents\uni\Projects\Nikita PhD\Chip_1462_1_real\obj0309_stainDAPI_real.tiff,C:\Users\sbsas\Documents\uni\Projects\Nikita PhD\Chip_1462_1_real\obj0309_stainYAP_real.tiff,C:\Users\sbsas\Documents\uni\Projects\Nikita PhD\Chip_1462_1_real\obj0309_stainActin_real.tiff,300,300,"actin,background,dapi,yap","(array([159.8875]), array([167.39583333]))",[0.91826291],"(419.9840664438268, 437.0571537290979)"
310,C:\Users\sbsas\Documents\uni\Projects\Nikita PhD\Chip_1462_1_real\obj0310_stainbackground_real.tiff,C:\Users\sbsas\Documents\uni\Projects\Nikita PhD\Chip_1462_1_real\obj0310_stainDAPI_real.tiff,C:\Users\sbsas\Documents\uni\Projects\Nikita PhD\Chip_1462_1_real\obj0310_stainYAP_real.tiff,C:\Users\sbsas\Documents\uni\Projects\Nikita PhD\Chip_1462_1_real\obj0310_stainActin_real.tiff,300,300,"actin,background,dapi,yap","(array([158.09505703]), array([166.35741445]))",[0.95690034],"(419.8190558922116, 431.6392072779572)"
316,C:\Users\sbsas\Documents\uni\Projects\Nikita PhD\Chip_1462_1_real\obj0316_stainbackground_real.tiff,C:\Users\sbsas\Documents\uni\Projects\Nikita PhD\Chip_1462_1_real\obj0316_stainDAPI_real.tiff,C:\Users\sbsas\Documents\uni\Projects\Nikita PhD\Chip_1462_1_real\obj0316_stainYAP_real.tiff,C:\Users\sbsas\Documents\uni\Projects\Nikita PhD\Chip_1462_1_real\obj0316_stainActin_real.tiff,300,300,"actin,background,dapi,yap","(array([122.60816327]), array([181.91428571]))",[0.92359492],"(499.72759180579135, 369.23576824910305)"
322,C:\Users\sbsas\Documents\uni\Projects\Nikita PhD\Chip_1462_1_real\obj0322_stainbackground_real.tiff,C:\Users\sbsas\Documents\uni\Projects\Nikita PhD\Chip_1462_1_real\obj0322_stainDAPI_real.tiff,C:\Users\sbsas\Documents\uni\Projects\Nikita PhD\Chip_1462_1_real\obj0322_stainYAP_real.tiff,C:\Users\sbsas\Documents\uni\Projects\Nikita PhD\Chip_1462_1_real\obj0322_stainActin_real.tiff,300,300,"actin,background,dapi,yap","(array([122.09234828]), array([148.13192612]))",[0.95391533],"(422.56631741503804, 326.08463980614266)"
324,C:\Users\sbsas\Documents\uni\Projects\Nikita PhD\Chip_1462_1_real\obj0324_stainbackground_real.tiff,C:\Users\sbsas\Documents\uni\Projects\Nikita PhD\Chip_1462_1_real\obj0324_stainDAPI_real.tiff,C:\Users\sbsas\Documents\uni\Projects\Nikita PhD\Chip_1462_1_real\obj0324_stainYAP_real.tiff,C:\Users\sbsas\Documents\uni\Projects\Nikita PhD\Chip_1462_1_real\obj0324_stainActin_real.tiff,300,300,"actin,background,dapi,yap","(array([145.8699187]), array([161.75609756]))",[0.91503169],"(424.40766719632427, 397.7686855678121)"
325,C:\Users\sbsas\Documents\uni\Projects\Nikita PhD\Chip_1462_1_real\obj0325_stainbackground_real.tiff,C:\Users\sbsas\Documents\uni\Projects\Nikita PhD\Chip_1462_1_real\obj0325_stainDAPI_real.tiff,C:\Users\sbsas\Documents\uni\Projects\Nikita PhD\Chip_1462_1_real\obj0325_stainYAP_real.tiff,C:\Users\sbsas\Documents\uni\Projects\Nikita PhD\Chip_1462_1_real\obj0325_stainActin_real.tiff,300,300,"actin,background,dapi,yap","(array([151.60995851]), array([132.34854772]))",[0.96006249],"(349.550948852387, 374.4592434004561)"
330,C:\Users\sbsas\Documents\uni\Projects\Nikita PhD\Chip_1462_1_real\obj0330_stainbackground_real.tiff,C:\Users\sbsas\Documents\uni\Projects\Nikita PhD\Chip_1462_1_real\obj0330_stainDAPI_real.tiff,C:\Users\sbsas\Documents\uni\Projects\Nikita PhD\Chip_1462_1_real\obj0330_stainYAP_real.tiff,C:\Users\sbsas\Documents\uni\Projects\Nikita PhD\Chip_1462_1_real\obj0330_stainActin_real.tiff,300,300,"actin,background,dapi,yap","(array([85.78947368]), array([126.91447368]))",[0.9212876],"(418.79583180836516, 216.122273192472)"
331,C:\Users\sbsas\Documents\uni\Projects\Nikita PhD\Chip_1462_1_real\obj0331_stainbackground_real.tiff,C:\Users\sbsas\Documents\uni\Projects\Nikita PhD\Chip_1462_1_real\obj0331_stainDAPI_real.tiff,C:\Users\sbsas\Documents\uni\Projects\Nikita PhD\Chip_1462_1_real\obj0331_stainYAP_real.tiff,C:\Users\sbsas\Documents\uni\Projects\Nikita PhD\Chip_1462_1_real\obj0331_stainActin_real.tiff,300,300,"actin,background,dapi,yap","(array([158.69458128]), array([168.5862069]))",[0.94853294],"(424.20733913950244, 435.7884562805948)"
332,C:\Users\sbsas\Documents\uni\Projects\Nikita PhD\Chip_1462_1_real\obj0332_stainbackground_real.tiff,C:\Users\sbsas\Documents\uni\Projects\Nikita PhD\Chip_1462_1_real\obj0332_stainDAPI_real.tiff,C:\Users\sbsas\Documents\uni\Projects\Nikita PhD\Chip_1462_1_real\obj0332_stainYAP_real.tiff,C:\Users\sbsas\Documents\uni\Projects\Nikita PhD\Chip_1462_1_real\obj0332_stainActin_real.tiff,300,300,"actin,background,dapi,yap","(array([187.78947368]), array([146.22966507]))",[0.93114672],"(336.5788209105448, 475.02458681347775)"
334,C:\Users\sbsas\Documents\uni\Projects\Nikita PhD\Chip_1462_1_real\obj0334_stainbackground_real.tiff,C:\Users\sbsas\Documents\uni\Projects\Nikita PhD\Chip_1462_1_real\obj0334_stainDAPI_real.tiff,C:\Users\sbsas\Documents\uni\Projects\Nikita PhD\Chip_1462_1_real\obj0334_stainYAP_real.tiff,C:\Users\sbsas\Documents\uni\Projects\Nikita PhD\Chip_1462_1_real\obj0334_stainActin_real.tiff,300,300,"actin,background,dapi,yap","(array([212.10557185]), array([157.60117302]))",[0.95355188],"(332.5632657989671, 545.1507069130196)"
343,C:\Users\sbsas\Documents\uni\Projects\Nikita PhD\Chip_1462_1_real\obj0343_stainbackground_real.tiff,C:\Users\sbsas\Documents\uni\Projects\Nikita PhD\Chip_1462_1_real\obj0343_stainDAPI_real.tiff,C:\Users\sbsas\Documents\uni\Projects\Nikita PhD\Chip_1462_1_real\obj0343_stainYAP_real.tiff,C:\Users\sbsas\Documents\uni\Projects\Nikita PhD\Chip_1462_1_real\obj0343_stainActin_real.tiff,300,300,"actin,background,dapi,yap","(array([113.44086022]), array([145.29032258]))",[0.95324421],"(426.7685572912456, 302.6302147142485)"
345,C:\Users\sbsas\Documents\uni\Projects\Nikita PhD\Chip_1462_1_real\obj0345_stainbackground_real.tiff,C:\Users\sbsas\Documents\uni\Projects\Nikita PhD\Chip_1462_1_real\obj0345_stainDAPI_real.tiff,C:\Users\sbsas\Documents\uni\Projects\Nikita PhD\Chip_1462_1_real\obj0345_stainYAP_real.tiff,C:\Users\sbsas\Documents\uni\Projects\Nikita PhD\Chip_1462_1_real\obj0345_stainActin_real.tiff,300,300,"actin,background,dapi,yap","(array([146.37280702]), array([158.66666667]))",[0.90925699],"(416.66792656874566, 395.08927972563913)"
352,C:\Users\sbsas\Documents\uni\Projects\Nikita PhD\Chip_1462_1_real\obj0352_stainbackground_real.tiff,C:\Users\sbsas\Documents\uni\Projects\Nikita PhD\Chip_1462_1_real\obj0352_stainDAPI_real.tiff,C:\Users\sbsas\Documents\uni\Projects\Nikita PhD\Chip_1462_1_real\obj0352_stainYAP_real.tiff,C:\Users\sbsas\Documents\uni\Projects\Nikita PhD\Chip_1462_1_real\obj0352_stainActin_real.tiff,300,300,"actin,background,dapi,yap","(array([127.10816777]), array([179.24282561]))",[0.99793141],"(487.98538434332033, 376.28105382243825)"
353,C:\Users\sbsas\Documents\uni\Projects\Nikita PhD\Chip_1462_1_real\obj0353_stainbackground_real.tiff,C:\Users\sbsas\Documents\uni\Projects\Nikita PhD\Chip_1462_1_real\obj0353_stainDAPI_real.tiff,C:\Users\sbsas\Documents\uni\Projects\Nikita PhD\Chip_1462_1_real\obj0353_stainYAP_real.tiff,C:\Users\sbsas\Documents\uni\Projects\Nikita PhD\Chip_1462_1_real\obj0353_stainActin_real.tiff,300,300,"actin,background,dapi,yap","(array([149.41428571]), array([162.97857143]))",[0.94097969],"(422.82038830583286, 407.4500029430101)"
369,C:\Users\sbsas\Documents\uni\Projects\Nikita PhD\Chip_1462_1_real\obj0369_stainbackground_real.tiff,C:\Users\sbsas\Documents\uni\Projects\Nikita PhD\Chip_1462_1_real\obj0369_stainDAPI_real.tiff,C:\Users\sbsas\Documents\uni\Projects\Nikita PhD\Chip_1462_1_real\obj0369_stainYAP_real.tiff,C:\Users\sbsas\Documents\uni\Projects\Nikita PhD\Chip_1462_1_real\obj0369_stainActin_real.tiff,300,300,"actin,background,dapi,yap","(array([148.94652406]), array([162.65240642]))",[0.91869955],"(422.6502545293126, 405.9675808626723)"
370,C:\Users\sbsas\Documents\uni\Projects\Nikita PhD\Chip_1462_1_real\obj0370_stainbackground_real.tiff,C:\Users\sbsas\Documents\uni\Projects\Nikita PhD\Chip_1462_1_real\obj0370_stainDAPI_real.tiff,C:\Users\sbsas\Documents\uni\Projects\Nikita PhD\Chip_1462_1_real\obj0370_stainYAP_real.tiff,C:\Users\sbsas\Documents\uni\Projects\Nikita PhD\Chip_1462_1_real\obj0370_stainActin_real.tiff,300,300,"actin,background,dapi,yap","(array([113.57209302]), array([201.89767442]))",[0.9568816],"(556.9743310687643, 373.2479909976098)"
371,C:\Users\sbsas\Documents\uni\Projects\Nikita PhD\Chip_1462_1_real\obj0371_stainbackground_real.tiff,C:\Users\sbsas\Documents\uni\Projects\Nikita PhD\Chip_1462_1_real\obj0371_stainDAPI_real.tiff,C:\Users\sbsas\Documents\uni\Projects\Nikita PhD\Chip_1462_1_real\obj0371_stainYAP_real.tiff,C:\Users\sbsas\Documents\uni\Projects\Nikita PhD\Chip_1462_1_real\obj0371_stainActin_real.tiff,300,300,"actin,background,dapi,yap","(array([197.11235955]), array([183.04494382]))",[0.88853476],"(409.7852030566063, 542.2260983471336)"
376,C:\Users\sbsas\Documents\uni\Projects\Nikita PhD\Chip_1462_1_real\obj0376_stainbackground_real.tiff,C:\Users\sbsas\Documents\uni\Projects\Nikita PhD\Chip_1462_1_real\obj0376_stainDAPI_real.tiff,C:\Users\sbsas\Documents\uni\Projects\Nikita PhD\Chip_1462_1_real\obj0376_stainYAP_real.tiff,C:\Users\sbsas\Documents\uni\Projects\Nikita PhD\Chip_1462_1_real\obj0376_stainActin_real.tiff,300,300,"actin,background,dapi,yap","(array([158.17266187]), array([168.92446043]))",[0.96912702],"(425.6346581467754, 435.00662286424165)"
379,C:\Users\sbsas\Documents\uni\Projects\Nikita PhD\Chip_1462_1_real\obj0379_stainbackground_real.tiff,C:\Users\sbsas\Documents\uni\Projects\Nikita PhD\Chip_1462_1_real\obj0379_stainDAPI_real.tiff,C:\Users\sbsas\Documents\uni\Projects\Nikita PhD\Chip_1462_1_real\obj0379_stainYAP_real.tiff,C:\Users\sbsas\Documents\uni\Projects\Nikita PhD\Chip_1462_1_real\obj0379_stainActin_real.tiff,300,300,"actin,background,dapi,yap","(array([160.86228814]), array([170.34322034]))",[0.96626058],"(425.5611602299058, 442.9632604646222)"
380,C:\Users\sbsas\Documents\uni\Projects\Nikita PhD\Chip_1462_1_real\obj0380_stainbackground_real.tiff,C:\Users\sbsas\Documents\uni\Projects\Nikita PhD\Chip_1462_1_real\obj0380_stainDAPI_real.tiff,C:\Users\sbsas\Documents\uni\Projects\Nikita PhD\Chip_1462_1_real\obj0380_stainYAP_real.tiff,C:\Users\sbsas\Documents\uni\Projects\Nikita PhD\Chip_1462_1_real\obj0380_stainActin_real.tiff,300,300,"actin,background,dapi,yap","(array([137.80416667]), array([156.04166667]))",[0.89152409],"(421.2661019141776, 372.09471278245667)"
381,C:\Users\sbsas\Documents\uni\Projects\Nikita PhD\Chip_1462_1_real\obj0381_stainbackground_real.tiff,C:\Users\sbsas\Documents\uni\Projects\Nikita PhD\Chip_1462_1_real\obj0381_stainDAPI_real.tiff,C:\Users\sbsas\Documents\uni\Projects\Nikita PhD\Chip_1462_1_real\obj0381_stainYAP_real.tiff,C:\Users\sbsas\Documents\uni\Projects\Nikita PhD\Chip_1462_1_real\obj0381_stainActin_real.tiff,300,300,"actin,background,dapi,yap","(array([147.28421053]), array([162.92631579]))",[0.84802855],"(425.3459416699553, 402.4794524507182)"
383,C:\Users\sbsas\Documents\uni\Projects\Nikita PhD\Chip_1462_1_real\obj0383_stainbackground_real.tiff,C:\Users\sbsas\Documents\uni\Projects\Nikita PhD\Chip_1462_1_real\obj0383_stainDAPI_real.tiff,C:\Users\sbsas\Documents\uni\Projects\Nikita PhD\Chip_1462_1_real\obj0383_stainYAP_real.tiff,C:\Users\sbsas\Documents\uni\Projects\Nikita PhD\Chip_1462_1_real\obj0383_stainActin_real.tiff,300,300,"actin,background,dapi,yap","(array([146.52916667]), array([161.75833333]))",[0.94445163],"(423.59392301010007, 399.2897347624523)"
398,C:\Users\sbsas\Documents\uni\Projects\Nikita PhD\Chip_1462_1_real\obj0398_stainbackground_real.tiff,C:\Users\sbsas\Documents\uni\Projects\Nikita PhD\Chip_1462_1_real\obj0398_stainDAPI_real.tiff,C:\Users\sbsas\Documents\uni\Projects\Nikita PhD\Chip_1462_1_real\obj0398_stainYAP_real.tiff,C:\Users\sbsas\Documents\uni\Projects\Nikita PhD\Chip_1462_1_real\obj0398_stainActin_real.tiff,300,300,"actin,background,dapi,yap","(array([159.97735849]), array([170.29433962]))",[0.93540675],"(426.54781278415714, 440.86451756306235)"
402,C:\Users\sbsas\Documents\uni\Projects\Nikita PhD\Chip_1462_1_real\obj0402_stainbackground_real.tiff,C:\Users\sbsas\Documents\uni\Projects\Nikita PhD\Chip_1462_1_real\obj0402_stainDAPI_real.tiff,C:\Users\sbsas\Documents\uni\Projects\Nikita PhD\Chip_1462_1_real\obj0402_stainYAP_real.tiff,C:\Users\sbsas\Documents\uni\Projects\Nikita PhD\Chip_1462_1_real\obj0402_stainActin_real.tiff,300,300,"actin,background,dapi,yap","(array([156.65656566]), array([121.63636364]))",[0.98024085],"(318.6116927467796, 372.7754871134444)"
403,C:\Users\sbsas\Documents\uni\Projects\Nikita PhD\Chip_1462_1_real\obj0403_stainbackground_real.tiff,C:\Users\sbsas\Documents\uni\Projects\Nikita PhD\Chip_1462_1_real\obj0403_stainDAPI_real.tiff,C:\Users\sbsas\Documents\uni\Projects\Nikita PhD\Chip_1462_1_real\obj0403_stainYAP_real.tiff,C:\Users\sbsas\Documents\uni\Projects\Nikita PhD\Chip_1462_1_real\obj0403_stainActin_real.tiff,300,300,"actin,background,dapi,yap","(array([172.06995885]), array([90.33333333]))",[0.96615458],"(227.37373510210386, 369.3896337866639)"
409,C:\Users\sbsas\Documents\uni\Projects\Nikita PhD\Chip_1462_1_real\obj0409_stainbackground_real.tiff,C:\Users\sbsas\Documents\uni\Projects\Nikita PhD\Chip_1462_1_real\obj0409_stainDAPI_real.tiff,C:\Users\sbsas\Documents\uni\Projects\Nikita PhD\Chip_1462_1_real\obj0409_stainYAP_real.tiff,C:\Users\sbsas\Documents\uni\Projects\Nikita PhD\Chip_1462_1_real\obj0409_stainActin_real.tiff,300,300,"actin,background,dapi,yap","(array([170.93518519]), array([92.72222222]))",[0.8831258],"(234.2850064801153, 369.7435975762558)"
412,C:\Users\sbsas\Documents\uni\Projects\Nikita PhD\Chip_1462_1_real\obj0412_stainbackground_real.tiff,C:\Users\sbsas\Documents\uni\Projects\Nikita PhD\Chip_1462_1_real\obj0412_stainDAPI_real.tiff,C:\Users\sbsas\Documents\uni\Projects\Nikita PhD\Chip_1462_1_real\obj0412_stainYAP_real.tiff,C:\Users\sbsas\Documents\uni\Projects\Nikita PhD\Chip_1462_1_real\obj0412_stainActin_real.tiff,300,300,"actin,background,dapi,yap","(array([114.79]), array([142.695]))",[0.88353181],"(419.1155840204839, 302.51351964969774)"
415,C:\Users\sbsas\Documents\uni\Projects\Nikita PhD\Chip_1462_1_real\obj0415_stainbackground_real.tiff,C:\Users\sbsas\Documents\uni\Projects\Nikita PhD\Chip_1462_1_real\obj0415_stainDAPI_real.tiff,C:\Users\sbsas\Documents\uni\Projects\Nikita PhD\Chip_1462_1_real\obj0415_stainYAP_real.tiff,C:\Users\sbsas\Documents\uni\Projects\Nikita PhD\Chip_1462_1_real\obj0415_stainActin_real.tiff,300,300,"actin,background,dapi,yap","(array([246.19298246]), array([177.67836257]))",[0.86760664],"(336.4596513754062, 648.5943874747287)"
420,C:\Users\sbsas\Documents\uni\Projects\Nikita PhD\Chip_1462_1_real\obj0420_stainbackground_real.tiff,C:\Users\sbsas\Documents\uni\Projects\Nikita PhD\Chip_1462_1_real\obj0420_stainDAPI_real.tiff,C:\Users\sbsas\Documents\uni\Projects\Nikita PhD\Chip_1462_1_real\obj0420_stainYAP_real.tiff,C:\Users\sbsas\Documents\uni\Projects\Nikita PhD\Chip_1462_1_real\obj0420_stainActin_real.tiff,300,300,"actin,background,dapi,yap","(array([139.43786982]), array([154.27218935]))",[0.76088022],"(415.16160625275484, 373.65921169310025)"
428,C:\Users\sbsas\Documents\uni\Projects\Nikita PhD\Chip_1462_1_real\obj0428_stainbackground_real.tiff,C:\Users\sbsas\Documents\uni\Projects\Nikita PhD\Chip_1462_1_real\obj0428_stainDAPI_real.tiff,C:\Users\sbsas\Documents\uni\Projects\Nikita PhD\Chip_1462_1_real\obj0428_stainYAP_real.tiff,C:\Users\sbsas\Documents\uni\Projects\Nikita PhD\Chip_1462_1_real\obj0428_stainActin_real.tiff,300,300,"actin,background,dapi,yap","(array([137.04778157]), array([155.778157]))",[0.86214259],"(421.59878295005444, 370.02540855635925)"
432,C:\Users\sbsas\Documents\uni\Projects\Nikita PhD\Chip_1462_1_real\obj0432_stainbackground_real.tiff,C:\Users\sbsas\Documents\uni\Projects\Nikita PhD\Chip_1462_1_real\obj0432_stainDAPI_real.tiff,C:\Users\sbsas\Documents\uni\Projects\Nikita PhD\Chip_1462_1_real\obj0432_stainYAP_real.tiff,C:\Users\sbsas\Documents\uni\Projects\Nikita PhD\Chip_1462_1_real\obj0432_stainActin_real.tiff,300,300,"actin,background,dapi,yap","(array([102.17350746]), array([137.66604478]))",[0.97859947],"(423.2054543139344, 267.2104986039061)"
443,C:\Users\sbsas\Documents\uni\Projects\Nikita PhD\Chip_1462_1_real\obj0443_stainbackground_real.tiff,C:\Users\sbsas\Documents\uni\Projects\Nikita PhD\Chip_1462_1_real\obj0443_stainDAPI_real.tiff,C:\Users\sbsas\Documents\uni\Projects\Nikita PhD\Chip_1462_1_real\obj0443_stainYAP_real.tiff,C:\Users\sbsas\Documents\uni\Projects\Nikita PhD\Chip_1462_1_real\obj0443_stainActin_real.tiff,300,300,"actin,background,dapi,yap","(array([136.98536585]), array([157.4195122]))",[0.9543763],"(425.4564140340272, 371.9204931404416)"
446,C:\Users\sbsas\Documents\uni\Projects\Nikita PhD\Chip_1462_1_real\obj0446_stainbackground_real.tiff,C:\Users\sbsas\Documents\uni\Projects\Nikita PhD\Chip_1462_1_real\obj0446_stainDAPI_real.tiff,C:\Users\sbsas\Documents\uni\Projects\Nikita PhD\Chip_1462_1_real\obj0446_stainYAP_real.tiff,C:\Users\sbsas\Documents\uni\Projects\Nikita PhD\Chip_1462_1_real\obj0446_stainActin_real.tiff,300,300,"actin,background,dapi,yap","(array([141.01818182]), array([232.65]))",[0.90051949],"(593.7055448509795, 474.6567223742145)"
453,C:\Users\sbsas\Documents\uni\Projects\Nikita PhD\Chip_1462_1_real\obj0453_stainbackground_real.tiff,C:\Users\sbsas\Documents\uni\Projects\Nikita PhD\Chip_1462_1_real\obj0453_stainDAPI_real.tiff,C:\Users\sbsas\Documents\uni\Projects\Nikita PhD\Chip_1462_1_real\obj0453_stainYAP_real.tiff,C:\Users\sbsas\Documents\uni\Projects\Nikita PhD\Chip_1462_1_real\obj0453_stainActin_real.tiff,300,300,"actin,background,dapi,yap","(array([136.12393162]), array([126.73717949]))",[0.87048222],"(355.86392944687816, 331.8241288594153)"
455,C:\Users\sbsas\Documents\uni\Projects\Nikita PhD\Chip_1462_1_real\obj0455_stainbackground_real.tiff,C:\Users\sbsas\Documents\uni\Projects\Nikita PhD\Chip_1462_1_real\obj0455_stainDAPI_real.tiff,C:\Users\sbsas\Documents\uni\Projects\Nikita PhD\Chip_1462_1_real\obj0455_stainYAP_real.tiff,C:\Users\sbsas\Documents\uni\Projects\Nikita PhD\Chip_1462_1_real\obj0455_stainActin_real.tiff,300,300,"actin,background,dapi,yap","(array([157.15]), array([168.14583333]))",[0.93150461],"(425.1117641279867, 431.68421389363675)"
458,C:\Users\sbsas\Documents\uni\Projects\Nikita PhD\Chip_1462_1_real\obj0458_stainbackground_real.tiff,C:\Users\sbsas\Documents\uni\Projects\Nikita PhD\Chip_1462_1_real\obj0458_stainDAPI_real.tiff,C:\Users\sbsas\Documents\uni\Projects\Nikita PhD\Chip_1462_1_real\obj0458_stainYAP_real.tiff,C:\Users\sbsas\Documents\uni\Projects\Nikita PhD\Chip_1462_1_real\obj0458_stainActin_real.tiff,300,300,"actin,background,dapi,yap","(array([167.00613497]), array([212.14928425]))",[0.98338253],"(514.2103855770617, 509.0426969958655)"
459,C:\Users\sbsas\Documents\uni\Projects\Nikita PhD\Chip_1462_1_real\obj0459_stainbackground_real.tiff,C:\Users\sbsas\Documents\uni\Projects\Nikita PhD\Chip_1462_1_real\obj0459_stainDAPI_real.tiff,C:\Users\sbsas\Documents\uni\Projects\Nikita PhD\Chip_1462_1_real\obj0459_stainYAP_real.tiff,C:\Users\sbsas\Documents\uni\Projects\Nikita PhD\Chip_1462_1_real\obj0459_stainActin_real.tiff,300,300,"actin,background,dapi,yap","(array([204.66666667]), array([197.66666667]))",[0.99468493],"(434.07588287346243, 577.7865009586094)"
461,C:\Users\sbsas\Documents\uni\Projects\Nikita PhD\Chip_1462_1_real\obj0461_stainbackground_real.tiff,C:\Users\sbsas\Documents\uni\Projects\Nikita PhD\Chip_1462_1_real\obj0461_stainDAPI_real.tiff,C:\Users\sbsas\Documents\uni\Projects\Nikita PhD\Chip_1462_1_real\obj0461_stainYAP_real.tiff,C:\Users\sbsas\Documents\uni\Projects\Nikita PhD\Chip_1462_1_real\obj0461_stainActin_real.tiff,300,300,"actin,background,dapi,yap","(array([225.5177305]), array([130.58865248]))",[0.94462049],"(253.6923668499531, 542.4854490824664)"
470,C:\Users\sbsas\Documents\uni\Projects\Nikita PhD\Chip_1462_1_real\obj0470_stainbackground_real.tiff,C:\Users\sbsas\Documents\uni\Projects\Nikita PhD\Chip_1462_1_real\obj0470_stainDAPI_real.tiff,C:\Users\sbsas\Documents\uni\Projects\Nikita PhD\Chip_1462_1_real\obj0470_stainYAP_real.tiff,C:\Users\sbsas\Documents\uni\Projects\Nikita PhD\Chip_1462_1_real\obj0470_stainActin_real.tiff,300,300,"actin,background,dapi,yap","(array([165.59325044]), array([129.56127886]))",[0.89461201],"(325.7622434898685, 403.20103089072177)"
472,C:\Users\sbsas\Documents\uni\Projects\Nikita PhD\Chip_1462_1_real\obj0472_stainbackground_real.tiff,C:\Users\sbsas\Documents\uni\Projects\Nikita PhD\Chip_1462_1_real\obj0472_stainDAPI_real.tiff,C:\Users\sbsas\Documents\uni\Projects\Nikita PhD\Chip_1462_1_real\obj0472_stainYAP_real.tiff,C:\Users\sbsas\Documents\uni\Projects\Nikita PhD\Chip_1462_1_real\obj0472_stainActin_real.tiff,300,300,"actin,background,dapi,yap","(array([145.24719101]), array([160.54307116]))",[0.90241742],"(422.3875524824375, 394.82774491847806)"
476,C:\Users\sbsas\Documents\uni\Projects\Nikita PhD\Chip_1462_1_real\obj0476_stainbackground_real.tiff,C:\Users\sbsas\Documents\uni\Projects\Nikita PhD\Chip_1462_1_real\obj0476_stainDAPI_real.tiff,C:\Users\sbsas\Documents\uni\Projects\Nikita PhD\Chip_1462_1_real\obj0476_stainYAP_real.tiff,C:\Users\sbsas\Documents\uni\Projects\Nikita PhD\Chip_1462_1_real\obj0476_stainActin_real.tiff,300,300,"actin,background,dapi,yap","(array([159.04591837]), array([170.05102041]))",[0.91501961],"(427.14444000085484, 438.41713508726104)"
481,C:\Users\sbsas\Documents\uni\Projects\Nikita PhD\Chip_1462_1_real\obj0481_stainbackground_real.tiff,C:\Users\sbsas\Documents\uni\Projects\Nikita PhD\Chip_1462_1_real\obj0481_stainDAPI_real.tiff,C:\Users\sbsas\Documents\uni\Projects\Nikita PhD\Chip_1462_1_real\obj0481_stainYAP_real.tiff,C:\Users\sbsas\Documents\uni\Projects\Nikita PhD\Chip_1462_1_real\obj0481_stainActin_real.tiff,300,300,"actin,background,dapi,yap","(array([124.43430657]), array([149.22627737]))",[0.94980992],"(422.17755479148695, 332.8376170852883)"
482,C:\Users\sbsas\Documents\uni\Projects\Nikita PhD\Chip_1462_1_real\obj0482_stainbackground_real.tiff,C:\Users\sbsas\Documents\uni\Projects\Nikita PhD\Chip_1462_1_real\obj0482_stainDAPI_real.tiff,C:\Users\sbsas\Documents\uni\Projects\Nikita PhD\Chip_1462_1_real\obj0482_stainYAP_real.tiff,C:\Users\sbsas\Documents\uni\Projects\Nikita PhD\Chip_1462_1_real\obj0482_stainActin_real.tiff,300,300,"actin,background,dapi,yap","(array([46.15483871]), array([157.07004608]))",[0.96678824],"(537.4778759178998, 162.30039796059884)"
487,C:\Users\sbsas\Documents\uni\Projects\Nikita PhD\Chip_1462_1_real\obj0487_stainbackground_real.tiff,C:\Users\sbsas\Documents\uni\Projects\Nikita PhD\Chip_1462_1_real\obj0487_stainDAPI_real.tiff,C:\Users\sbsas\Documents\uni\Projects\Nikita PhD\Chip_1462_1_real\obj0487_stainYAP_real.tiff,C:\Users\sbsas\Documents\uni\Projects\Nikita PhD\Chip_1462_1_real\obj0487_stainActin_real.tiff,300,300,"actin,background,dapi,yap","(array([122.21078431]), array([148.97058824]))",[0.95229517],"(424.3506698889429, 327.3991570959428)"
489,C:\Users\sbsas\Documents\uni\Projects\Nikita PhD\Chip_1462_1_real\obj0489_stainbackground_real.tiff,C:\Users\sbsas\Documents\uni\Projects\Nikita PhD\Chip_1462_1_real\obj0489_stainDAPI_real.tiff,C:\Users\sbsas\Documents\uni\Projects\Nikita PhD\Chip_1462_1_real\obj0489_stainYAP_real.tiff,C:\Users\sbsas\Documents\uni\Projects\Nikita PhD\Chip_1462_1_real\obj0489_stainActin_real.tiff,300,300,"actin,background,dapi,yap","(array([220.07053942]), array([200.63485477]))",[0.94846439],"(421.7776112931378, 616.9491517311615)"
496,C:\Users\sbsas\Documents\uni\Projects\Nikita PhD\Chip_1462_1_real\obj0496_stainbackground_real.tiff,C:\Users\sbsas\Documents\uni\Projects\Nikita PhD\Chip_1462_1_real\obj0496_stainDAPI_real.tiff,C:\Users\sbsas\Documents\uni\Projects\Nikita PhD\Chip_1462_1_real\obj0496_stainYAP_real.tiff,C:\Users\sbsas\Documents\uni\Projects\Nikita PhD\Chip_1462_1_real\obj0496_stainActin_real.tiff,300,300,"actin,background,dapi,yap","(array([64.51239669]), array([118.26859504]))",[0.96391187],"(425.31365133977965, 156.38080430299289)"
497,C:\Users\sbsas\Documents\uni\Projects\Nikita PhD\Chip_1462_1_real\obj0497_stainbackground_real.tiff,C:\Users\sbsas\Documents\uni\Projects\Nikita PhD\Chip_1462_1_real\obj0497_stainDAPI_real.tiff,C:\Users\sbsas\Documents\uni\Projects\Nikita PhD\Chip_1462_1_real\obj0497_stainYAP_real.tiff,C:\Users\sbsas\Documents\uni\Projects\Nikita PhD\Chip_1462_1_real\obj0497_stainActin_real.tiff,300,300,"actin,background,dapi,yap","(array([157.4244186]), array([172.34302326]))",[0.9818471],"(434.43717232711003, 437.52980276986057)"
500,C:\Users\sbsas\Documents\uni\Projects\Nikita PhD\Chip_1462_1_real\obj0500_stainbackground_real.tiff,C:\Users\sbsas\Documents\uni\Projects\Nikita PhD\Chip_1462_1_real\obj0500_stainDAPI_real.tiff,C:\Users\sbsas\Documents\uni\Projects\Nikita PhD\Chip_1462_1_real\obj0500_stainYAP_real.tiff,C:\Users\sbsas\Documents\uni\Projects\Nikita PhD\Chip_1462_1_real\obj0500_stainActin_real.tiff,300,300,"actin,background,dapi,yap","(array([146.83858268]), array([161.61417323]))",[0.90906793],"(422.87757202044577, 399.82326075853973)"
502,C:\Users\sbsas\Documents\uni\Projects\Nikita PhD\Chip_1462_1_real\obj0502_stainbackground_real.tiff,C:\Users\sbsas\Documents\uni\Projects\Nikita PhD\Chip_1462_1_real\obj0502_stainDAPI_real.tiff,C:\Users\sbsas\Documents\uni\Projects\Nikita PhD\Chip_1462_1_real\obj0502_stainYAP_real.tiff,C:\Users\sbsas\Documents\uni\Projects\Nikita PhD\Chip_1462_1_real\obj0502_stainActin_real.tiff,300,300,"actin,background,dapi,yap","(array([161.]), array([168.06949807]))",[0.92114615],"(420.15363475649485, 440.4560828395936)"
504,C:\Users\sbsas\Documents\uni\Projects\Nikita PhD\Chip_1462_1_real\obj0504_stainbackground_real.tiff,C:\Users\sbsas\Documents\uni\Projects\Nikita PhD\Chip_1462_1_real\obj0504_stainDAPI_real.tiff,C:\Users\sbsas\Documents\uni\Projects\Nikita PhD\Chip_1462_1_real\obj0504_stainYAP_real.tiff,C:\Users\sbsas\Documents\uni\Projects\Nikita PhD\Chip_1462_1_real\obj0504_stainActin_real.tiff,300,300,"actin,background,dapi,yap","(array([135.09055118]), array([156.89370079]))",[0.88578929],"(426.59911942898486, 366.90352283217334)"
505,C:\Users\sbsas\Documents\uni\Projects\Nikita PhD\Chip_1462_1_real\obj0505_stainbackground_real.tiff,C:\Users\sbsas\Documents\uni\Projects\Nikita PhD\Chip_1462_1_real\obj0505_stainDAPI_real.tiff,C:\Users\sbsas\Documents\uni\Projects\Nikita PhD\Chip_1462_1_real\obj0505_stainYAP_real.tiff,C:\Users\sbsas\Documents\uni\Projects\Nikita PhD\Chip_1462_1_real\obj0505_stainActin_real.tiff,300,300,"actin,background,dapi,yap","(array([111.65957447]), array([142.38723404]))",[0.91873035],"(422.2952857540139, 294.92174060685534)"
510,C:\Users\sbsas\Documents\uni\Projects\Nikita PhD\Chip_1462_1_real\obj0510_stainbackground_real.tiff,C:\Users\sbsas\Documents\uni\Projects\Nikita PhD\Chip_1462_1_real\obj0510_stainDAPI_real.tiff,C:\Users\sbsas\Documents\uni\Projects\Nikita PhD\Chip_1462_1_real\obj0510_stainYAP_real.tiff,C:\Users\sbsas\Documents\uni\Projects\Nikita PhD\Chip_1462_1_real\obj0510_stainActin_real.tiff,300,300,"actin,background,dapi,yap","(array([161.95959596]), array([167.13636364]))",[0.92535377],"(416.8126179505403, 441.50696236103033)"
516,C:\Users\sbsas\Documents\uni\Projects\Nikita PhD\Chip_1462_1_real\obj0516_stainbackground_real.tiff,C:\Users\sbsas\Documents\uni\Projects\Nikita PhD\Chip_1462_1_real\obj0516_stainDAPI_real.tiff,C:\Users\sbsas\Documents\uni\Projects\Nikita PhD\Chip_1462_1_real\obj0516_stainYAP_real.tiff,C:\Users\sbsas\Documents\uni\Projects\Nikita PhD\Chip_1462_1_real\obj0516_stainActin_real.tiff,300,300,"actin,background,dapi,yap","(array([148.6374269]), array([163.38596491]))",[0.95529858],"(424.7236153485328, 406.16691789251513)"
520,C:\Users\sbsas\Documents\uni\Projects\Nikita PhD\Chip_1462_1_real\obj0520_stainbackground_real.tiff,C:\Users\sbsas\Documents\uni\Projects\Nikita PhD\Chip_1462_1_real\obj0520_stainDAPI_real.tiff,C:\Users\sbsas\Documents\uni\Projects\Nikita PhD\Chip_1462_1_real\obj0520_stainYAP_real.tiff,C:\Users\sbsas\Documents\uni\Projects\Nikita PhD\Chip_1462_1_real\obj0520_stainActin_real.tiff,300,300,"actin,background,dapi,yap","(array([113.29648241]), array([144.21105528]))",[0.94847245],"(424.4623062343205, 300.95708177798315)"
523,C:\Users\sbsas\Documents\uni\Projects\Nikita PhD\Chip_1462_1_real\obj0523_stainbackground_real.tiff,C:\Users\sbsas\Documents\uni\Projects\Nikita PhD\Chip_1462_1_real\obj0523_stainDAPI_real.tiff,C:\Users\sbsas\Documents\uni\Projects\Nikita PhD\Chip_1462_1_real\obj0523_stainYAP_real.tiff,C:\Users\sbsas\Documents\uni\Projects\Nikita PhD\Chip_1462_1_real\obj0523_stainActin_real.tiff,300,300,"actin,background,dapi,yap","(array([211.15447154]), array([158.71138211]))",[0.92629463],"(336.3015389873493, 544.3393487398458)"
528,C:\Users\sbsas\Documents\uni\Projects\Nikita PhD\Chip_1462_1_real\obj0528_stainbackground_real.tiff,C:\Users\sbsas\Documents\uni\Projects\Nikita PhD\Chip_1462_1_real\obj0528_stainDAPI_real.tiff,C:\Users\sbsas\Documents\uni\Projects\Nikita PhD\Chip_1462_1_real\obj0528_stainYAP_real.tiff,C:\Users\sbsas\Documents\uni\Projects\Nikita PhD\Chip_1462_1_real\obj0528_stainActin_real.tiff,300,300,"actin,background,dapi,yap","(array([130.86243386]), array([192.76190476]))",[0.85648139],"(514.4569050196226, 401.72016111220296)"
529,C:\Users\sbsas\Documents\uni\Projects\Nikita PhD\Chip_1462_1_real\obj0529_stainbackground_real.tiff,C:\Users\sbsas\Documents\uni\Projects\Nikita PhD\Chip_1462_1_real\obj0529_stainDAPI_real.tiff,C:\Users\sbsas\Documents\uni\Projects\Nikita PhD\Chip_1462_1_real\obj0529_stainYAP_real.tiff,C:\Users\sbsas\Documents\uni\Projects\Nikita PhD\Chip_1462_1_real\obj0529_stainActin_real.tiff,300,300,"actin,background,dapi,yap","(array([151.16666667]), array([162.03703704]))",[0.92269099],"(418.4752581244953, 410.31626096782327)"
535,C:\Users\sbsas\Documents\uni\Projects\Nikita PhD\Chip_1462_1_real\obj0535_stainbackground_real.tiff,C:\Users\sbsas\Documents\uni\Projects\Nikita PhD\Chip_1462_1_real\obj0535_stainDAPI_real.tiff,C:\Users\sbsas\Documents\uni\Projects\Nikita PhD\Chip_1462_1_real\obj0535_stainYAP_real.tiff,C:\Users\sbsas\Documents\uni\Projects\Nikita PhD\Chip_1462_1_real\obj0535_stainActin_real.tiff,300,300,"actin,background,dapi,yap","(array([134.84729064]), array([154.45812808]))",[0.89097062],"(421.2920762392654, 363.31790734553)"
543,C:\Users\sbsas\Documents\uni\Projects\Nikita PhD\Chip_1462_1_real\obj0543_stainbackground_real.tiff,C:\Users\sbsas\Documents\uni\Projects\Nikita PhD\Chip_1462_1_real\obj0543_stainDAPI_real.tiff,C:\Users\sbsas\Documents\uni\Projects\Nikita PhD\Chip_1462_1_real\obj0543_stainYAP_real.tiff,C:\Users\sbsas\Documents\uni\Projects\Nikita PhD\Chip_1462_1_real\obj0543_stainActin_real.tiff,300,300,"actin,background,dapi,yap","(array([191.66544118]), array([185.54779412]))",[0.88513803],"(422.31531711708385, 532.790594937407)"
544,C:\Users\sbsas\Documents\uni\Projects\Nikita PhD\Chip_1462_1_real\obj0544_stainbackground_real.tiff,C:\Users\sbsas\Documents\uni\Projects\Nikita PhD\Chip_1462_1_real\obj0544_stainDAPI_real.tiff,C:\Users\sbsas\Documents\uni\Projects\Nikita PhD\Chip_1462_1_real\obj0544_stainYAP_real.tiff,C:\Users\sbsas\Documents\uni\Projects\Nikita PhD\Chip_1462_1_real\obj0544_stainActin_real.tiff,300,300,"actin,background,dapi,yap","(array([133.6899696]), array([154.56231003]))",[0.9098624],"(422.9695921059593, 360.7819659236462)"
545,C:\Users\sbsas\Documents\uni\Projects\Nikita PhD\Chip_1462_1_real\obj0545_stainbackground_real.tiff,C:\Users\sbsas\Documents\uni\Projects\Nikita PhD\Chip_1462_1_real\obj0545_stainDAPI_real.tiff,C:\Users\sbsas\Documents\uni\Projects\Nikita PhD\Chip_1462_1_real\obj0545_stainYAP_real.tiff,C:\Users\sbsas\Documents\uni\Projects\Nikita PhD\Chip_1462_1_real\obj0545_stainActin_real.tiff,300,300,"actin,background,dapi,yap","(array([204.93913043]), array([194.49130435]))",[0.93931958],"(426.42446384267066, 574.4696781998281)"
547,C:\Users\sbsas\Documents\uni\Projects\Nikita PhD\Chip_1462_1_real\obj0547_stainbackground_real.tiff,C:\Users\sbsas\Documents\uni\Projects\Nikita PhD\Chip_1462_1_real\obj0547_stainDAPI_real.tiff,C:\Users\sbsas\Documents\uni\Projects\Nikita PhD\Chip_1462_1_real\obj0547_stainYAP_real.tiff,C:\Users\sbsas\Documents\uni\Projects\Nikita PhD\Chip_1462_1_real\obj0547_stainActin_real.tiff,300,300,"actin,background,dapi,yap","(array([192.85026738]), array([187.13368984]))",[0.87408279],"(424.4959455927658, 537.4892332457872)"
549,C:\Users\sbsas\Documents\uni\Projects\Nikita PhD\Chip_1462_1_real\obj0549_stainbackground_real.tiff,C:\Users\sbsas\Documents\uni\Projects\Nikita PhD\Chip_1462_1_real\obj0549_stainDAPI_real.tiff,C:\Users\sbsas\Documents\uni\Projects\Nikita PhD\Chip_1462_1_real\obj0549_stainYAP_real.tiff,C:\Users\sbsas\Documents\uni\Projects\Nikita PhD\Chip_1462_1_real\obj0549_stainActin_real.tiff,300,300,"actin,background,dapi,yap","(array([205.22631579]), array([191.48947368]))",[0.91218616],"(419.1544079074392, 571.4023143429304)"
559,C:\Users\sbsas\Documents\uni\Projects\Nikita PhD\Chip_1462_1_real\obj0559_stainbackground_real.tiff,C:\Users\sbsas\Documents\uni\Projects\Nikita PhD\Chip_1462_1_real\obj0559_stainDAPI_real.tiff,C:\Users\sbsas\Documents\uni\Projects\Nikita PhD\Chip_1462_1_real\obj0559_stainYAP_real.tiff,C:\Users\sbsas\Documents\uni\Projects\Nikita PhD\Chip_1462_1_real\obj0559_stainActin_real.tiff,300,300,"actin,background,dapi,yap","(array([186.94444444]), array([144.09375]))",[0.85960335],"(332.70939478326227, 470.4252997135378)"
562,C:\Users\sbsas\Documents\uni\Projects\Nikita PhD\Chip_1462_1_real\obj0562_stainbackground_real.tiff,C:\Users\sbsas\Documents\uni\Projects\Nikita PhD\Chip_1462_1_real\obj0562_stainDAPI_real.tiff,C:\Users\sbsas\Documents\uni\Projects\Nikita PhD\Chip_1462_1_real\obj0562_stainYAP_real.tiff,C:\Users\sbsas\Documents\uni\Projects\Nikita PhD\Chip_1462_1_real\obj0562_stainActin_real.tiff,300,300,"actin,background,dapi,yap","(array([139.3880597]), array([155.6641791]))",[0.87032774],"(418.42928146786517, 375.2735749626298)"
563,C:\Users\sbsas\Documents\uni\Projects\Nikita PhD\Chip_1462_1_real\obj0563_stainbackground_real.tiff,C:\Users\sbsas\Documents\uni\Projects\Nikita PhD\Chip_1462_1_real\obj0563_stainDAPI_real.tiff,C:\Users\sbsas\Documents\uni\Projects\Nikita PhD\Chip_1462_1_real\obj0563_stainYAP_real.tiff,C:\Users\sbsas\Documents\uni\Projects\Nikita PhD\Chip_1462_1_real\obj0563_stainActin_real.tiff,300,300,"actin,background,dapi,yap","(array([137.42248062]), array([155.58139535]))",[0.77418211],"(420.6801965394232, 370.6439440871523)"
567,C:\Users\sbsas\Documents\uni\Projects\Nikita PhD\Chip_1462_1_real\obj0567_stainbackground_real.tiff,C:\Users\sbsas\Documents\uni\Projects\Nikita PhD\Chip_1462_1_real\obj0567_stainDAPI_real.tiff,C:\Users\sbsas\Documents\uni\Projects\Nikita PhD\Chip_1462_1_real\obj0567_stainYAP_real.tiff,C:\Users\sbsas\Documents\uni\Projects\Nikita PhD\Chip_1462_1_real\obj0567_stainActin_real.tiff,300,300,"actin,background,dapi,yap","(array([169.08653846]), array([97.48076923]))",[0.74068049],"(247.54043303880022, 371.3969867757088)"
575,C:\Users\sbsas\Documents\uni\Projects\Nikita PhD\Chip_1462_1_real\obj0575_stainbackground_real.tiff,C:\Users\sbsas\Documents\uni\Projects\Nikita PhD\Chip_1462_1_real\obj0575_stainDAPI_real.tiff,C:\Users\sbsas\Documents\uni\Projects\Nikita PhD\Chip_1462_1_real\obj0575_stainYAP_real.tiff,C:\Users\sbsas\Documents\uni\Projects\Nikita PhD\Chip_1462_1_real\obj0575_stainActin_real.tiff,300,300,"actin,background,dapi,yap","(array([165.31103679]), array([132.35451505]))",[0.93386885],"(332.54572311243066, 406.0207364696829)"
578,C:\Users\sbsas\Documents\uni\Projects\Nikita PhD\Chip_1462_1_real\obj0578_stainbackground_real.tiff,C:\Users\sbsas\Documents\uni\Projects\Nikita PhD\Chip_1462_1_real\obj0578_stainDAPI_real.tiff,C:\Users\sbsas\Documents\uni\Projects\Nikita PhD\Chip_1462_1_real\obj0578_stainYAP_real.tiff,C:\Users\sbsas\Documents\uni\Projects\Nikita PhD\Chip_1462_1_real\obj0578_stainActin_real.tiff,300,300,"actin,background,dapi,yap","(array([136.67272727]), array([154.04]))",[0.90463428],"(418.06162275473457, 367.00257106459316)"
580,C:\Users\sbsas\Documents\uni\Projects\Nikita PhD\Chip_1462_1_real\obj0580_stainbackground_real.tiff,C:\Users\sbsas\Documents\uni\Projects\Nikita PhD\Chip_1462_1_real\obj0580_stainDAPI_real.tiff,C:\Users\sbsas\Documents\uni\Projects\Nikita PhD\Chip_1462_1_real\obj0580_stainYAP_real.tiff,C:\Users\sbsas\Documents\uni\Projects\Nikita PhD\Chip_1462_1_real\obj0580_stainActin_real.tiff,300,300,"actin,background,dapi,yap","(array([206.82741117]), array([196.69543147]))",[0.90263141],"(429.15509668670404, 581.556341829794)"
583,C:\Users\sbsas\Documents\uni\Projects\Nikita PhD\Chip_1462_1_real\obj0583_stainbackground_real.tiff,C:\Users\sbsas\Documents\uni\Projects\Nikita PhD\Chip_1462_1_real\obj0583_stainDAPI_real.tiff,C:\Users\sbsas\Documents\uni\Projects\Nikita PhD\Chip_1462_1_real\obj0583_stainYAP_real.tiff,C:\Users\sbsas\Documents\uni\Projects\Nikita PhD\Chip_1462_1_real\obj0583_stainActin_real.tiff,300,300,"actin,background,dapi,yap","(array([149.88311688]), array([160.7012987]))",[0.96194144],"(416.9933819420665, 405.70099485026356)"
584,C:\Users\sbsas\Documents\uni\Projects\Nikita PhD\Chip_1462_1_real\obj0584_stainbackground_real.tiff,C:\Users\sbsas\Documents\uni\Projects\Nikita PhD\Chip_1462_1_real\obj0584_stainDAPI_real.tiff,C:\Users\sbsas\Documents\uni\Projects\Nikita PhD\Chip_1462_1_real\obj0584_stainYAP_real.tiff,C:\Users\sbsas\Documents\uni\Projects\Nikita PhD\Chip_1462_1_real\obj0584_stainActin_real.tiff,300,300,"actin,background,dapi,yap","(array([123.31189711]), array([147.64630225]))",[0.95552003],"(419.93302992585683, 328.29008114416695)"
585,C:\Users\sbsas\Documents\uni\Projects\Nikita PhD\Chip_1462_1_real\obj0585_stainbackground_real.tiff,C:\Users\sbsas\Documents\uni\Projects\Nikita PhD\Chip_1462_1_real\obj0585_stainDAPI_real.tiff,C:\Users\sbsas\Documents\uni\Projects\Nikita PhD\Chip_1462_1_real\obj0585_stainYAP_real.tiff,C:\Users\sbsas\Documents\uni\Projects\Nikita PhD\Chip_1462_1_real\obj0585_stainActin_real.tiff,300,300,"actin,background,dapi,yap","(array([139.96]), array([149.87428571]))",[0.87130274],"(404.38450388254, 369.3987844873531)"
589,C:\Users\sbsas\Documents\uni\Projects\Nikita PhD\Chip_1462_1_real\obj0589_stainbackground_real.tiff,C:\Users\sbsas\Documents\uni\Projects\Nikita PhD\Chip_1462_1_real\obj0589_stainDAPI_real.tiff,C:\Users\sbsas\Documents\uni\Projects\Nikita PhD\Chip_1462_1_real\obj0589_stainYAP_real.tiff,C:\Users\sbsas\Documents\uni\Projects\Nikita PhD\Chip_1462_1_real\obj0589_stainActin_real.tiff,300,300,"actin,background,dapi,yap","(array([138.64261168]), array([156.11340206]))",[0.83175792],"(420.3898259869494, 374.11478912870905)"
591,C:\Users\sbsas\Documents\uni\Projects\Nikita PhD\Chip_1462_1_real\obj0591_stainbackground_real.tiff,C:\Users\sbsas\Documents\uni\Projects\Nikita PhD\Chip_1462_1_real\obj0591_stainDAPI_real.tiff,C:\Users\sbsas\Documents\uni\Projects\Nikita PhD\Chip_1462_1_real\obj0591_stainYAP_real.tiff,C:\Users\sbsas\Documents\uni\Projects\Nikita PhD\Chip_1462_1_real\obj0591_stainActin_real.tiff,300,300,"actin,background,dapi,yap","(array([113.77557756]), array([144.26072607]))",[0.91198017],"(423.981585749939, 302.12215450249266)"
593,C:\Users\sbsas\Documents\uni\Projects\Nikita PhD\Chip_1462_1_real\obj0593_stainbackground_real.tiff,C:\Users\sbsas\Documents\uni\Projects\Nikita PhD\Chip_1462_1_real\obj0593_stainDAPI_real.tiff,C:\Users\sbsas\Documents\uni\Projects\Nikita PhD\Chip_1462_1_real\obj0593_stainYAP_real.tiff,C:\Users\sbsas\Documents\uni\Projects\Nikita PhD\Chip_1462_1_real\obj0593_stainActin_real.tiff,300,300,"actin,background,dapi,yap","(array([130.31339713]), array([112.77751196]))",[0.95687683],"(330.9319377190931, 301.1020783395151)"
595,C:\Users\sbsas\Documents\uni\Projects\Nikita PhD\Chip_1462_1_real\obj0595_stainbackground_real.tiff,C:\Users\sbsas\Documents\uni\Projects\Nikita PhD\Chip_1462_1_real\obj0595_stainDAPI_real.tiff,C:\Users\sbsas\Documents\uni\Projects\Nikita PhD\Chip_1462_1_real\obj0595_stainYAP_real.tiff,C:\Users\sbsas\Documents\uni\Projects\Nikita PhD\Chip_1462_1_real\obj0595_stainActin_real.tiff,300,300,"actin,background,dapi,yap","(array([159.2606383]), array([168.45744681]))",[0.95076558],"(423.20766505608503, 436.932165158599)"
596,C:\Users\sbsas\Documents\uni\Projects\Nikita PhD\Chip_1462_1_real\obj0596_stainbackground_real.tiff,C:\Users\sbsas\Documents\uni\Projects\Nikita PhD\Chip_1462_1_real\obj0596_stainDAPI_real.tiff,C:\Users\sbsas\Documents\uni\Projects\Nikita PhD\Chip_1462_1_real\obj0596_stainYAP_real.tiff,C:\Users\sbsas\Documents\uni\Projects\Nikita PhD\Chip_1462_1_real\obj0596_stainActin_real.tiff,300,300,"actin,background,dapi,yap","(array([190.95833333]), array([106.92916667]))",[0.98879047],"(242.13210703713506, 433.5049714668596)"
598,C:\Users\sbsas\Documents\uni\Projects\Nikita PhD\Chip_1462_1_real\obj0598_stainbackground_real.tiff,C:\Users\sbsas\Documents\uni\Projects\Nikita PhD\Chip_1462_1_real\obj0598_stainDAPI_real.tiff,C:\Users\sbsas\Documents\uni\Projects\Nikita PhD\Chip_1462_1_real\obj0598_stainYAP_real.tiff,C:\Users\sbsas\Documents\uni\Projects\Nikita PhD\Chip_1462_1_real\obj0598_stainActin_real.tiff,300,300,"actin,background,dapi,yap","(array([205.44859813]), array([195.63551402]))",[0.96165727],"(428.42677847135747, 577.064295400562)"
609,C:\Users\sbsas\Documents\uni\Projects\Nikita PhD\Chip_1462_1_real\obj0609_stainbackground_real.tiff,C:\Users\sbsas\Documents\uni\Projects\Nikita PhD\Chip_1462_1_real\obj0609_stainDAPI_real.tiff,C:\Users\sbsas\Documents\uni\Projects\Nikita PhD\Chip_1462_1_real\obj0609_stainYAP_real.tiff,C:\Users\sbsas\Documents\uni\Projects\Nikita PhD\Chip_1462_1_real\obj0609_stainActin_real.tiff,300,300,"actin,background,dapi,yap","(array([125.16017316]), array([147.68398268]))",[0.95494158],"(417.7239497132004, 332.59353322352774)"
612,C:\Users\sbsas\Documents\uni\Projects\Nikita PhD\Chip_1462_1_real\obj0612_stainbackground_real.tiff,C:\Users\sbsas\Documents\uni\Projects\Nikita PhD\Chip_1462_1_real\obj0612_stainDAPI_real.tiff,C:\Users\sbsas\Documents\uni\Projects\Nikita PhD\Chip_1462_1_real\obj0612_stainYAP_real.tiff,C:\Users\sbsas\Documents\uni\Projects\Nikita PhD\Chip_1462_1_real\obj0612_stainActin_real.tiff,300,300,"actin,background,dapi,yap","(array([158.21925134]), array([285.94117647]))",[0.91009411],"(695.0705315035417, 580.4677228544417)"
613,C:\Users\sbsas\Documents\uni\Projects\Nikita PhD\Chip_1462_1_real\obj0613_stainbackground_real.tiff,C:\Users\sbsas\Documents\uni\Projects\Nikita PhD\Chip_1462_1_real\obj0613_stainDAPI_real.tiff,C:\Users\sbsas\Documents\uni\Projects\Nikita PhD\Chip_1462_1_real\obj0613_stainYAP_real.tiff,C:\Users\sbsas\Documents\uni\Projects\Nikita PhD\Chip_1462_1_real\obj0613_stainActin_real.tiff,300,300,"actin,background,dapi,yap","(array([163.17647059]), array([168.35294118]))",[0.93256686],"(418.1028838868286, 445.82065607784114)"
614,C:\Users\sbsas\Documents\uni\Projects\Nikita PhD\Chip_1462_1_real\obj0614_stainbackground_real.tiff,C:\Users\sbsas\Documents\uni\Projects\Nikita PhD\Chip_1462_1_real\obj0614_stainDAPI_real.tiff,C:\Users\sbsas\Documents\uni\Projects\Nikita PhD\Chip_1462_1_real\obj0614_stainYAP_real.tiff,C:\Users\sbsas\Documents\uni\Projects\Nikita PhD\Chip_1462_1_real\obj0614_stainActin_real.tiff,300,300,"actin,background,dapi,yap","(array([28.67259786]), array([65.51245552]))",[0.9288449],"(348.33320896945816, 8.308736534208577)"
620,C:\Users\sbsas\Documents\uni\Projects\Nikita PhD\Chip_1462_1_real\obj0620_stainbackground_real.tiff,C:\Users\sbsas\Documents\uni\Projects\Nikita PhD\Chip_1462_1_real\obj0620_stainDAPI_real.tiff,C:\Users\sbsas\Documents\uni\Projects\Nikita PhD\Chip_1462_1_real\obj0620_stainYAP_real.tiff,C:\Users\sbsas\Documents\uni\Projects\Nikita PhD\Chip_1462_1_real\obj0620_stainActin_real.tiff,300,300,"actin,background,dapi,yap","(array([174.02]), array([250.992]))",[0.90639269],"(594.9542083419893, 573.4448563856638)"
624,C:\Users\sbsas\Documents\uni\Projects\Nikita PhD\Chip_1462_1_real\obj0624_stainbackground_real.tiff,C:\Users\sbsas\Documents\uni\Projects\Nikita PhD\Chip_1462_1_real\obj0624_stainDAPI_real.tiff,C:\Users\sbsas\Documents\uni\Projects\Nikita PhD\Chip_1462_1_real\obj0624_stainYAP_real.tiff,C:\Users\sbsas\Documents\uni\Projects\Nikita PhD\Chip_1462_1_real\obj0624_stainActin_real.tiff,300,300,"actin,background,dapi,yap","(array([160.05208333]), array([165.94791667]))",[0.93232756],"(416.4450225156013, 435.63764700966976)"
626,C:\Users\sbsas\Documents\uni\Projects\Nikita PhD\Chip_1462_1_real\obj0626_stainbackground_real.tiff,C:\Users\sbsas\Documents\uni\Projects\Nikita PhD\Chip_1462_1_real\obj0626_stainDAPI_real.tiff,C:\Users\sbsas\Documents\uni\Projects\Nikita PhD\Chip_1462_1_real\obj0626_stainYAP_real.tiff,C:\Users\sbsas\Documents\uni\Projects\Nikita PhD\Chip_1462_1_real\obj0626_stainActin_real.tiff,300,300,"actin,background,dapi,yap","(array([60.37837838]), array([156.11583012]))",[0.91407751],"(517.6123311241222, 193.87243466480828)"
635,C:\Users\sbsas\Documents\uni\Projects\Nikita PhD\Chip_1462_1_real\obj0635_stainbackground_real.tiff,C:\Users\sbsas\Documents\uni\Projects\Nikita PhD\Chip_1462_1_real\obj0635_stainDAPI_real.tiff,C:\Users\sbsas\Documents\uni\Projects\Nikita PhD\Chip_1462_1_real\obj0635_stainYAP_real.tiff,C:\Users\sbsas\Documents\uni\Projects\Nikita PhD\Chip_1462_1_real\obj0635_stainActin_real.tiff,300,300,"actin,background,dapi,yap","(array([164.18454936]), array([290.55364807]))",[0.94110471],"(698.2833502012616, 599.9354610341213)"
639,C:\Users\sbsas\Documents\uni\Projects\Nikita PhD\Chip_1462_1_real\obj0639_stainbackground_real.tiff,C:\Users\sbsas\Documents\uni\Projects\Nikita PhD\Chip_1462_1_real\obj0639_stainDAPI_real.tiff,C:\Users\sbsas\Documents\uni\Projects\Nikita PhD\Chip_1462_1_real\obj0639_stainYAP_real.tiff,C:\Users\sbsas\Documents\uni\Projects\Nikita PhD\Chip_1462_1_real\obj0639_stainActin_real.tiff,300,300,"actin,background,dapi,yap","(array([131.42857143]), array([0.28571429]))",[0.96140922],"(70.47401597466109, 163.9372473969451)"
640,C:\Users\sbsas\Documents\uni\Projects\Nikita PhD\Chip_1462_1_real\obj0640_stainbackground_real.tiff,C:\Users\sbsas\Documents\uni\Projects\Nikita PhD\Chip_1462_1_real\obj0640_stainDAPI_real.tiff,C:\Users\sbsas\Documents\uni\Projects\Nikita PhD\Chip_1462_1_real\obj0640_stainYAP_real.tiff,C:\Users\sbsas\Documents\uni\Projects\Nikita PhD\Chip_1462_1_real\obj0640_stainActin_real.tiff,300,300,"actin,background,dapi,yap","(array([143.39444444]), array([85.71111111]))",[0.92921213],"(252.34824461096, 297.60733097168924)"
641,C:\Users\sbsas\Documents\uni\Projects\Nikita PhD\Chip_1462_1_real\obj0641_stainbackground_real.tiff,C:\Users\sbsas\Documents\uni\Projects\Nikita PhD\Chip_1462_1_real\obj0641_stainDAPI_real.tiff,C:\Users\sbsas\Documents\uni\Projects\Nikita PhD\Chip_1462_1_real\obj0641_stainYAP_real.tiff,C:\Users\sbsas\Documents\uni\Projects\Nikita PhD\Chip_1462_1_real\obj0641_stainActin_real.tiff,300,300,"actin,background,dapi,yap","(array([147.38367347]), array([163.37959184]))",[0.96361426],"(426.2663037016107, 403.27156182900774)"
647,C:\Users\sbsas\Documents\uni\Projects\Nikita PhD\Chip_1462_1_real\obj0647_stainbackground_real.tiff,C:\Users\sbsas\Documents\uni\Projects\Nikita PhD\Chip_1462_1_real\obj0647_stainDAPI_real.tiff,C:\Users\sbsas\Documents\uni\Projects\Nikita PhD\Chip_1462_1_real\obj0647_stainYAP_real.tiff,C:\Users\sbsas\Documents\uni\Projects\Nikita PhD\Chip_1462_1_real\obj0647_stainActin_real.tiff,300,300,"actin,background,dapi,yap","(array([155.38095238]), array([149.73333333]))",[0.98956647],"(384.9045532148352, 404.7387118487271)"
648,C:\Users\sbsas\Documents\uni\Projects\Nikita PhD\Chip_1462_1_real\obj0648_stainbackground_real.tiff,C:\Users\sbsas\Documents\uni\Projects\Nikita PhD\Chip_1462_1_real\obj0648_stainDAPI_real.tiff,C:\Users\sbsas\Documents\uni\Projects\Nikita PhD\Chip_1462_1_real\obj0648_stainYAP_real.tiff,C:\Users\sbsas\Documents\uni\Projects\Nikita PhD\Chip_1462_1_real\obj0648_stainActin_real.tiff,300,300,"actin,background,dapi,yap","(array([162.28440367]), array([168.7293578]))",[0.93880644],"(420.0778773050726, 444.2337642763058)"
654,C:\Users\sbsas\Documents\uni\Projects\Nikita PhD\Chip_1462_1_real\obj0654_stainbackground_real.tiff,C:\Users\sbsas\Documents\uni\Projects\Nikita PhD\Chip_1462_1_real\obj0654_stainDAPI_real.tiff,C:\Users\sbsas\Documents\uni\Projects\Nikita PhD\Chip_1462_1_real\obj0654_stainYAP_real.tiff,C:\Users\sbsas\Documents\uni\Projects\Nikita PhD\Chip_1462_1_real\obj0654_stainActin_real.tiff,300,300,"actin,background,dapi,yap","(array([144.3038674]), array([159.49723757]))",[0.95492625],"(421.150721176056, 391.3561409007258)"
658,C:\Users\sbsas\Documents\uni\Projects\Nikita PhD\Chip_1462_1_real\obj0658_stainbackground_real.tiff,C:\Users\sbsas\Documents\uni\Projects\Nikita PhD\Chip_1462_1_real\obj0658_stainDAPI_real.tiff,C:\Users\sbsas\Documents\uni\Projects\Nikita PhD\Chip_1462_1_real\obj0658_stainYAP_real.tiff,C:\Users\sbsas\Documents\uni\Projects\Nikita PhD\Chip_1462_1_real\obj0658_stainActin_real.tiff,300,300,"actin,background,dapi,yap","(array([132.09]), array([168.145]))",[0.97461927],"(456.2384427965028, 373.9690890134731)"
659,C:\Users\sbsas\Documents\uni\Projects\Nikita PhD\Chip_1462_1_real\obj0659_stainbackground_real.tiff,C:\Users\sbsas\Documents\uni\Projects\Nikita PhD\Chip_1462_1_real\obj0659_stainDAPI_real.tiff,C:\Users\sbsas\Documents\uni\Projects\Nikita PhD\Chip_1462_1_real\obj0659_stainYAP_real.tiff,C:\Users\sbsas\Documents\uni\Projects\Nikita PhD\Chip_1462_1_real\obj0659_stainActin_real.tiff,300,300,"actin,background,dapi,yap","(array([141.09039548]), array([121.31638418]))",[0.95957835],"(337.2104847942204, 336.5285655518288)"
660,C:\Users\sbsas\Documents\uni\Projects\Nikita PhD\Chip_1462_1_real\obj0660_stainbackground_real.tiff,C:\Users\sbsas\Documents\uni\Projects\Nikita PhD\Chip_1462_1_real\obj0660_stainDAPI_real.tiff,C:\Users\sbsas\Documents\uni\Projects\Nikita PhD\Chip_1462_1_real\obj0660_stainYAP_real.tiff,C:\Users\sbsas\Documents\uni\Projects\Nikita PhD\Chip_1462_1_real\obj0660_stainActin_real.tiff,300,300,"actin,background,dapi,yap","(array([137.77470356]), array([155.78656126]))",[0.97095117],"(420.7151828889016, 371.70997575114166)"
664,C:\Users\sbsas\Documents\uni\Projects\Nikita PhD\Chip_1462_1_real\obj0664_stainbackground_real.tiff,C:\Users\sbsas\Documents\uni\Projects\Nikita PhD\Chip_1462_1_real\obj0664_stainDAPI_real.tiff,C:\Users\sbsas\Documents\uni\Projects\Nikita PhD\Chip_1462_1_real\obj0664_stainYAP_real.tiff,C:\Users\sbsas\Documents\uni\Projects\Nikita PhD\Chip_1462_1_real\obj0664_stainActin_real.tiff,300,300,"actin,background,dapi,yap","(array([147.27184466]), array([136.85436893]))",[0.98018347],"(365.3166619943112, 370.06537288163634)"
671,C:\Users\sbsas\Documents\uni\Projects\Nikita PhD\Chip_1462_1_real\obj0671_stainbackground_real.tiff,C:\Users\sbsas\Documents\uni\Projects\Nikita PhD\Chip_1462_1_real\obj0671_stainDAPI_real.tiff,C:\Users\sbsas\Documents\uni\Projects\Nikita PhD\Chip_1462_1_real\obj0671_stainYAP_real.tiff,C:\Users\sbsas\Documents\uni\Projects\Nikita PhD\Chip_1462_1_real\obj0671_stainActin_real.tiff,300,300,"actin,background,dapi,yap","(array([124.38554217]), array([150.01204819]))",[0.92170992],"(424.0477868374577, 333.70136612317674)"
672,C:\Users\sbsas\Documents\uni\Projects\Nikita PhD\Chip_1462_1_real\obj0672_stainbackground_real.tiff,C:\Users\sbsas\Documents\uni\Projects\Nikita PhD\Chip_1462_1_real\obj0672_stainDAPI_real.tiff,C:\Users\sbsas\Documents\uni\Projects\Nikita PhD\Chip_1462_1_real\obj0672_stainYAP_real.tiff,C:\Users\sbsas\Documents\uni\Projects\Nikita PhD\Chip_1462_1_real\obj0672_stainActin_real.tiff,300,300,"actin,background,dapi,yap","(array([131.72340426]), array([191.24468085]))",[0.93249374],"(509.89321794511994, 401.8183681964009)"
679,C:\Users\sbsas\Documents\uni\Projects\Nikita PhD\Chip_1462_1_real\obj0679_stainbackground_real.tiff,C:\Users\sbsas\Documents\uni\Projects\Nikita PhD\Chip_1462_1_real\obj0679_stainDAPI_real.tiff,C:\Users\sbsas\Documents\uni\Projects\Nikita PhD\Chip_1462_1_real\obj0679_stainYAP_real.tiff,C:\Users\sbsas\Documents\uni\Projects\Nikita PhD\Chip_1462_1_real\obj0679_stainActin_real.tiff,300,300,"actin,background,dapi,yap","(array([110.68498168]), array([141.65567766]))",[0.8836852],"(421.82108766392776, 291.76850597272244)"
686,C:\Users\sbsas\Documents\uni\Projects\Nikita PhD\Chip_1462_1_real\obj0686_stainbackground_real.tiff,C:\Users\sbsas\Documents\uni\Projects\Nikita PhD\Chip_1462_1_real\obj0686_stainDAPI_real.tiff,C:\Users\sbsas\Documents\uni\Projects\Nikita PhD\Chip_1462_1_real\obj0686_stainYAP_real.tiff,C:\Users\sbsas\Documents\uni\Projects\Nikita PhD\Chip_1462_1_real\obj0686_stainActin_real.tiff,300,300,"actin,background,dapi,yap","(array([152.97029703]), array([123.93069307]))",[0.84922913],"(328.47456220033314, 367.13580714279857)"
690,C:\Users\sbsas\Documents\uni\Projects\Nikita PhD\Chip_1462_1_real\obj0690_stainbackground_real.tiff,C:\Users\sbsas\Documents\uni\Projects\Nikita PhD\Chip_1462_1_real\obj0690_stainDAPI_real.tiff,C:\Users\sbsas\Documents\uni\Projects\Nikita PhD\Chip_1462_1_real\obj0690_stainYAP_real.tiff,C:\Users\sbsas\Documents\uni\Projects\Nikita PhD\Chip_1462_1_real\obj0690_stainActin_real.tiff,300,300,"actin,background,dapi,yap","(array([157.54924242]), array([168.18560606]))",[0.94264842],"(424.7074381054863, 432.6530878894806)"
695,C:\Users\sbsas\Documents\uni\Projects\Nikita PhD\Chip_1462_1_real\obj0695_stainbackground_real.tiff,C:\Users\sbsas\Documents\uni\Projects\Nikita PhD\Chip_1462_1_real\obj0695_stainDAPI_real.tiff,C:\Users\sbsas\Documents\uni\Projects\Nikita PhD\Chip_1462_1_real\obj0695_stainYAP_real.tiff,C:\Users\sbsas\Documents\uni\Projects\Nikita PhD\Chip_1462_1_real\obj0695_stainActin_real.tiff,300,300,"actin,background,dapi,yap","(array([155.96548582]), array([27.95158902]))",[0.98215411],"(103.71068941171404, 254.81217031500796)"
697,C:\Users\sbsas\Documents\uni\Projects\Nikita PhD\Chip_1462_1_real\obj0697_stainbackground_real.tiff,C:\Users\sbsas\Documents\uni\Projects\Nikita PhD\Chip_1462_1_real\obj0697_stainDAPI_real.tiff,C:\Users\sbsas\Documents\uni\Projects\Nikita PhD\Chip_1462_1_real\obj0697_stainYAP_real.tiff,C:\Users\sbsas\Documents\uni\Projects\Nikita PhD\Chip_1462_1_real\obj0697_stainActin_real.tiff,300,300,"actin,background,dapi,yap","(array([139.20469799]), array([155.34899329]))",[0.4555511],"(417.9311621790863, 374.4597742050089)"
700,C:\Users\sbsas\Documents\uni\Projects\Nikita PhD\Chip_1462_1_real\obj0700_stainbackground_real.tiff,C:\Users\sbsas\Documents\uni\Projects\Nikita PhD\Chip_1462_1_real\obj0700_stainDAPI_real.tiff,C:\Users\sbsas\Documents\uni\Projects\Nikita PhD\Chip_1462_1_real\obj0700_stainYAP_real.tiff,C:\Users\sbsas\Documents\uni\Projects\Nikita PhD\Chip_1462_1_real\obj0700_stainActin_real.tiff,300,300,"actin,background,dapi,yap","(array([144.06603774]), array([199.55660377]))",[0.88540176],"(513.7043189540736, 440.56866199221747)"
701,C:\Users\sbsas\Documents\uni\Projects\Nikita PhD\Chip_1462_1_real\obj0701_stainbackground_real.tiff,C:\Users\sbsas\Documents\uni\Projects\Nikita PhD\Chip_1462_1_real\obj0701_stainDAPI_real.tiff,C:\Users\sbsas\Documents\uni\Projects\Nikita PhD\Chip_1462_1_real\obj0701_stainYAP_real.tiff,C:\Users\sbsas\Documents\uni\Projects\Nikita PhD\Chip_1462_1_real\obj0701_stainActin_real.tiff,300,300,"actin,background,dapi,yap","(array([123.29508197]), array([149.27868852]))",[0.96214685],"(423.71336191308114, 330.27904464945135)"
705,C:\Users\sbsas\Documents\uni\Projects\Nikita PhD\Chip_1462_1_real\obj0705_stainbackground_real.tiff,C:\Users\sbsas\Documents\uni\Projects\Nikita PhD\Chip_1462_1_real\obj0705_stainDAPI_real.tiff,C:\Users\sbsas\Documents\uni\Projects\Nikita PhD\Chip_1462_1_real\obj0705_stainYAP_real.tiff,C:\Users\sbsas\Documents\uni\Projects\Nikita PhD\Chip_1462_1_real\obj0705_stainActin_real.tiff,300,300,"actin,background,dapi,yap","(array([160.7112069]), array([168.34913793]))",[0.93722034],"(421.1563835373576, 440.13834005056276)"
708,C:\Users\sbsas\Documents\uni\Projects\Nikita PhD\Chip_1462_1_real\obj0708_stainbackground_real.tiff,C:\Users\sbsas\Documents\uni\Projects\Nikita PhD\Chip_1462_1_real\obj0708_stainDAPI_real.tiff,C:\Users\sbsas\Documents\uni\Projects\Nikita PhD\Chip_1462_1_real\obj0708_stainYAP_real.tiff,C:\Users\sbsas\Documents\uni\Projects\Nikita PhD\Chip_1462_1_real\obj0708_stainActin_real.tiff,300,300,"actin,background,dapi,yap","(array([123.0744186]), array([149.59069767]))",[0.95020049],"(424.7060301154414, 330.1584150502936)"
710,C:\Users\sbsas\Documents\uni\Projects\Nikita PhD\Chip_1462_1_real\obj0710_stainbackground_real.tiff,C:\Users\sbsas\Documents\uni\Projects\Nikita PhD\Chip_1462_1_real\obj0710_stainDAPI_real.tiff,C:\Users\sbsas\Documents\uni\Projects\Nikita PhD\Chip_1462_1_real\obj0710_stainYAP_real.tiff,C:\Users\sbsas\Documents\uni\Projects\Nikita PhD\Chip_1462_1_real\obj0710_stainActin_real.tiff,300,300,"actin,background,dapi,yap","(array([146.15555556]), array([160.26222222]))",[0.91714165],"(420.6124106039283, 396.57088135718425)"
720,C:\Users\sbsas\Documents\uni\Projects\Nikita PhD\Chip_1462_1_real\obj0720_stainbackground_real.tiff,C:\Users\sbsas\Documents\uni\Projects\Nikita PhD\Chip_1462_1_real\obj0720_stainDAPI_real.tiff,C:\Users\sbsas\Documents\uni\Projects\Nikita PhD\Chip_1462_1_real\obj0720_stainYAP_real.tiff,C:\Users\sbsas\Documents\uni\Projects\Nikita PhD\Chip_1462_1_real\obj0720_stainActin_real.tiff,300,300,"actin,background,dapi,yap","(array([23.1300813]), array([142.37398374]))",[0.91917364],"(532.2328062198839, 91.01864495477199)"
727,C:\Users\sbsas\Documents\uni\Projects\Nikita PhD\Chip_1462_1_real\obj0727_stainbackground_real.tiff,C:\Users\sbsas\Documents\uni\Projects\Nikita PhD\Chip_1462_1_real\obj0727_stainDAPI_real.tiff,C:\Users\sbsas\Documents\uni\Projects\Nikita PhD\Chip_1462_1_real\obj0727_stainYAP_real.tiff,C:\Users\sbsas\Documents\uni\Projects\Nikita PhD\Chip_1462_1_real\obj0727_stainActin_real.tiff,300,300,"actin,background,dapi,yap","(array([81.15646259]), array([117.27891156]))",[0.84535652],"(402.3597361381085, 193.48334434995854)"
